case_id,source_row,VGS_V,VDS_V,I_SPICE_A,I_predicted_A,predicted_minus_SPICE_A,tolerance_A,split_code,unique_heldout
1,1,0,3,3.0099999999999999e-12,0,-3.0099999999999999e-12,1.0000000301000001e-10,0,1
1,2,0.02,3,3.0099999999999999e-12,0,-3.0099999999999999e-12,1.0000000301000001e-10,0,1
1,3,0.040000000000000001,3,3.0099999999999999e-12,0,-3.0099999999999999e-12,1.0000000301000001e-10,0,1
1,4,0.059999999999999998,3,3.0099999999999999e-12,0,-3.0099999999999999e-12,1.0000000301000001e-10,0,1
1,5,0.080000000000000002,3,3.0099999999999999e-12,0,-3.0099999999999999e-12,1.0000000301000001e-10,0,1
1,6,0.10000000000000001,3,3.0099999999999999e-12,0,-3.0099999999999999e-12,1.0000000301000001e-10,0,1
1,7,0.12,3,3.0099999999999999e-12,0,-3.0099999999999999e-12,1.0000000301000001e-10,0,1
1,8,0.14000000000000001,3,3.0099999999999999e-12,0,-3.0099999999999999e-12,1.0000000301000001e-10,0,1
1,9,0.16,3,3.0099999999999999e-12,0,-3.0099999999999999e-12,1.0000000301000001e-10,0,1
1,10,0.17999999999999999,3,3.0099999999999999e-12,0,-3.0099999999999999e-12,1.0000000301000001e-10,0,1
1,11,0.20000000000000001,3,3.0099999999999999e-12,0,-3.0099999999999999e-12,1.0000000301000001e-10,0,1
1,12,0.22,3,3.0099999999999999e-12,0,-3.0099999999999999e-12,1.0000000301000001e-10,0,1
1,13,0.23999999999999999,3,3.0099999999999999e-12,0,-3.0099999999999999e-12,1.0000000301000001e-10,0,1
1,14,0.26000000000000001,3,3.0099999999999999e-12,0,-3.0099999999999999e-12,1.0000000301000001e-10,0,1
1,15,0.28000000000000003,3,3.0099999999999999e-12,0,-3.0099999999999999e-12,1.0000000301000001e-10,0,1
1,16,0.29999999999999999,3,3.0099999999999999e-12,0,-3.0099999999999999e-12,1.0000000301000001e-10,0,1
1,17,0.32000000000000001,3,3.0099999999999999e-12,0,-3.0099999999999999e-12,1.0000000301000001e-10,0,1
1,18,0.34000000000000002,3,3.0099999999999999e-12,0,-3.0099999999999999e-12,1.0000000301000001e-10,0,1
1,19,0.35999999999999999,3,3.0099999999999999e-12,0,-3.0099999999999999e-12,1.0000000301000001e-10,0,1
1,20,0.38000000000000012,3,3.0099999999999999e-12,0,-3.0099999999999999e-12,1.0000000301000001e-10,0,1
1,21,0.40000000000000008,3,3.0099999999999999e-12,0,-3.0099999999999999e-12,1.0000000301000001e-10,0,1
1,22,0.4200000000000001,3,3.0099999999999999e-12,0,-3.0099999999999999e-12,1.0000000301000001e-10,0,1
1,23,0.44000000000000011,3,3.0099999999999999e-12,0,-3.0099999999999999e-12,1.0000000301000001e-10,0,1
1,24,0.46000000000000008,3,3.0099999999999999e-12,0,-3.0099999999999999e-12,1.0000000301000001e-10,0,1
1,25,0.48000000000000009,3,3.0099999999999999e-12,0,-3.0099999999999999e-12,1.0000000301000001e-10,0,1
1,26,0.50000000000000011,3,3.0099999999999999e-12,0,-3.0099999999999999e-12,1.0000000301000001e-10,0,1
1,27,0.52000000000000013,3,3.0099999999999999e-12,0,-3.0099999999999999e-12,1.0000000301000001e-10,0,1
1,28,0.54000000000000015,3,3.0099999999999999e-12,0,-3.0099999999999999e-12,1.0000000301000001e-10,0,1
1,29,0.56000000000000016,3,3.0099999999999999e-12,0,-3.0099999999999999e-12,1.0000000301000001e-10,0,1
1,30,0.58000000000000018,3,3.0099999999999999e-12,0,-3.0099999999999999e-12,1.0000000301000001e-10,0,1
1,31,0.6000000000000002,3,3.0099999999999999e-12,0,-3.0099999999999999e-12,1.0000000301000001e-10,0,1
1,32,0.62000000000000022,3,3.0099999999999999e-12,0,-3.0099999999999999e-12,1.0000000301000001e-10,0,1
1,33,0.64000000000000024,3,3.0099999999999999e-12,0,-3.0099999999999999e-12,1.0000000301000001e-10,0,1
1,34,0.66000000000000025,3,3.0099999999999999e-12,0,-3.0099999999999999e-12,1.0000000301000001e-10,0,1
1,35,0.68000000000000027,3,3.0099999999999999e-12,0,-3.0099999999999999e-12,1.0000000301000001e-10,0,1
1,36,0.70000000000000029,3,3.0099999999999999e-12,0,-3.0099999999999999e-12,1.0000000301000001e-10,0,1
1,37,0.72000000000000031,3,3.0099999999999999e-12,0,-3.0099999999999999e-12,1.0000000301000001e-10,0,1
1,38,0.74000000000000032,3,3.0099999999999999e-12,0,-3.0099999999999999e-12,1.0000000301000001e-10,0,1
1,39,0.76000000000000034,3,3.0099999999999999e-12,0,-3.0099999999999999e-12,1.0000000301000001e-10,0,1
1,40,0.78000000000000036,3,3.0099999999999999e-12,0,-3.0099999999999999e-12,1.0000000301000001e-10,0,1
1,41,0.80000000000000038,3,3.0099999999999999e-12,0,-3.0099999999999999e-12,1.0000000301000001e-10,0,1
1,42,0.8200000000000004,3,3.0099999999999999e-12,0,-3.0099999999999999e-12,1.0000000301000001e-10,0,1
1,43,0.84000000000000041,3,3.0099999999999999e-12,0,-3.0099999999999999e-12,1.0000000301000001e-10,0,1
1,44,0.86000000000000043,3,3.0099999999999999e-12,0,-3.0099999999999999e-12,1.0000000301000001e-10,0,1
1,45,0.88000000000000045,3,3.0099999999999999e-12,0,-3.0099999999999999e-12,1.0000000301000001e-10,0,1
1,46,0.90000000000000047,3,3.0099999999999999e-12,0,-3.0099999999999999e-12,1.0000000301000001e-10,0,1
1,47,0.92000000000000048,3,3.0099999999999999e-12,0,-3.0099999999999999e-12,1.0000000301000001e-10,0,1
1,48,0.9400000000000005,3,3.0099999999999999e-12,0,-3.0099999999999999e-12,1.0000000301000001e-10,0,1
1,49,0.96000000000000052,3,3.0099999999999999e-12,0,-3.0099999999999999e-12,1.0000000301000001e-10,0,1
1,50,0.98000000000000054,3,3.0099999999999999e-12,0,-3.0099999999999999e-12,1.0000000301000001e-10,0,1
1,51,1,3,3.0099999999999999e-12,0,-3.0099999999999999e-12,1.0000000301000001e-10,0,1
1,52,1.02,3,3.0099999999999999e-12,0,-3.0099999999999999e-12,1.0000000301000001e-10,0,1
1,53,1.04,3,3.0099999999999999e-12,0,-3.0099999999999999e-12,1.0000000301000001e-10,0,1
1,54,1.0600000000000001,3,3.0099999999999999e-12,0,-3.0099999999999999e-12,1.0000000301000001e-10,0,1
1,55,1.080000000000001,3,3.0099999999999999e-12,0,-3.0099999999999999e-12,1.0000000301000001e-10,0,1
1,56,1.100000000000001,3,3.0099999999999999e-12,0,-3.0099999999999999e-12,1.0000000301000001e-10,0,1
1,57,1.120000000000001,3,3.0099999999999999e-12,0,-3.0099999999999999e-12,1.0000000301000001e-10,0,1
1,58,1.140000000000001,3,3.0099999999999999e-12,0,-3.0099999999999999e-12,1.0000000301000001e-10,0,1
1,59,1.160000000000001,3,3.0099999999999999e-12,0,-3.0099999999999999e-12,1.0000000301000001e-10,0,1
1,60,1.180000000000001,3,3.0099999999999999e-12,0,-3.0099999999999999e-12,1.0000000301000001e-10,0,1
1,61,1.2000000000000011,3,3.0099999999999999e-12,1.1260649909172197e-20,-3.0099999887393499e-12,1.0000000301000001e-10,0,1
1,62,1.2200000000000011,3,4.2400301000001969e-07,4.2400013676024669e-07,-2.8732397729972074e-12,1.0042400301000002e-10,0,1
1,63,1.2400000000000011,3,1.6960030100000511e-06,1.6960002706494759e-06,-2.7393505751673546e-12,1.0169600301000005e-10,0,1
1,64,1.2600000000000009,3,3.8160030100000636e-06,3.8160004016676708e-06,-2.6083323928123027e-12,1.0381600301000007e-10,0,1
1,65,1.2800000000000009,3,6.7840030100000943e-06,6.7840005298148782e-06,-2.4801852161382334e-12,1.0678400301000009e-10,0,1
1,66,1.3000000000000009,3,1.060000301000011e-05,1.0600000655091079e-05,-2.3549090313808611e-12,1.1060000301000012e-10,0,1
1,67,1.320000000000001,3,1.5264003010000091e-05,1.5264000777496274e-05,-2.2325038173643622e-12,1.152640030100001e-10,0,1
1,68,1.340000000000001,3,2.0776003010000149e-05,2.0776000897030462e-05,-2.1129696875911517e-12,1.2077600301000014e-10,0,1
1,69,1.360000000000001,3,2.713600301000016e-05,2.7136001013693641e-05,-1.9963065183944192e-12,1.2713600301000016e-10,0,1
1,70,1.380000000000001,3,3.4344003010000298e-05,3.4344001127485822e-05,-1.8825144757926224e-12,1.3434400301000029e-10,0,1
1,71,1.400000000000001,3,4.240000301000029e-05,4.2400001238406988e-05,-1.7715933022877453e-12,1.4240000301000028e-10,0,1
1,72,1.420000000000001,3,5.1304003010000407e-05,5.1304001346457155e-05,-1.6635432519896722e-12,1.5130400301000041e-10,0,1
1,73,1.4400000000000011,3,6.1056003010000323e-05,6.1056001451636303e-05,-1.5583640199665419e-12,1.6105600301000031e-10,0,1
1,74,1.4600000000000011,3,7.1656003010000364e-05,7.1656001553944452e-05,-1.4560559111502155e-12,1.7165600301000036e-10,0,1
1,75,1.4800000000000011,3,8.3104003010000421e-05,8.310400165338161e-05,-1.3566188103442123e-12,1.8310400301000042e-10,0,1
1,76,1.5000000000000011,3,9.5400003010000494e-05,9.5400001749947749e-05,-1.2600527446535864e-12,1.9540000301000051e-10,0,1
1,77,1.5200000000000009,3,0.0001085440030100006,0.00010854400184364272,-1.1663578767086638e-12,2.0854400301000062e-10,0,1
1,78,1.5400000000000009,3,0.0001225360030100008,0.00012253600193446685,-1.0755339490114285e-12,2.2253600301000081e-10,0,1
1,79,1.5600000000000009,3,0.0001373760030100007,0.00013737600202241995,-9.8758075827397318e-13,2.3737600301000068e-10,0,1
1,80,1.580000000000001,3,0.00015306400301000071,0.00015306400210750206,-9.0249864330947671e-13,2.5306400301000068e-10,0,1
1,81,1.600000000000001,3,0.0001696000030100007,0.00016960000218971315,-8.2028754990783048e-13,2.6960000301000068e-10,0,1
1,82,1.620000000000001,3,0.000186984003010001,0.00018698400226905323,-7.4094777622463193e-13,2.8698400301000102e-10,0,1
1,83,1.640000000000001,3,0.00020521600301000089,0.00020521600234552233,-6.644785633183603e-13,3.0521600301000088e-10,0,1
1,84,1.660000000000001,3,0.0002242960030100008,0.0002242960024191204,-5.9088039907999323e-13,3.2429600301000078e-10,0,1
1,85,1.680000000000001,3,0.0002442240030100008,0.00024422400248984749,-5.2015331061458503e-13,3.4422400301000081e-10,0,1
1,86,1.7000000000000011,3,0.00026500000301000088,0.00026500000255770355,-4.5229732502719e-13,3.6500000301000089e-10,1,0
1,87,1.7200000000000011,3,0.00028662400301000102,0.0002866240026226886,-3.8731241521275384e-13,3.8662400301000105e-10,1,0
1,88,1.7400000000000011,3,0.00030909600301000113,0.00030909600268480265,-3.2519847275105929e-13,4.0909600301000114e-10,1,0
1,89,1.7600000000000009,3,0.00033241600301000119,0.00033241600274404548,-2.6595571448254085e-13,4.3241600301000117e-10,1,0
1,90,1.7800000000000009,3,0.00035658400301000122,0.00035658400280041752,-2.0958370672632953e-13,4.5658400301000124e-10,1,0
1,91,1.8000000000000009,3,0.00038160000301000132,0.0003816000028539185,-1.560828289531857e-13,4.8160000301000134e-10,1,0
1,92,1.820000000000001,3,0.00040746400301000128,0.00040746400290454847,-1.0545281011256624e-13,5.0746400301000122e-10,1,0
1,93,1.840000000000001,3,0.0004341760030100012,0.00043417600295230755,-5.7693650204471147e-14,5.3417600301000114e-10,1,0
1,94,1.860000000000001,3,0.00046173600301000102,0.00046173600299719551,-1.2805511859226293e-14,5.6173600301000099e-10,1,0
1,95,1.880000000000001,3,0.00049014400301000162,0.00049014400303921252,2.9210900191756206e-14,5.901440030100016e-10,1,0
1,96,1.900000000000001,3,0.00051940000301000169,0.00051940000307835847,6.8356778570866084e-14,6.1940000301000163e-10,1,0
1,97,1.920000000000001,3,0.00054950400301000167,0.00054950400311463347,1.0463179801745159e-13,6.4950400301000159e-10,1,0
1,98,1.9400000000000011,3,0.00058045600301000156,0.00058045600314803741,1.3803585011129549e-13,6.8045600301000149e-10,1,0
1,99,1.9600000000000011,3,0.00061225600301000179,0.00061225600317857051,1.6856871801196327e-13,7.1225600301000173e-10,1,0
1,100,1.9800000000000011,3,0.00064490400301000193,0.00064490400320623244,1.9623051013967219e-13,7.449040030100019e-10,1,0
1,101,2.0000000000000009,3,0.00067840000301000198,0.0006784000032310231,2.2102111807420499e-13,7.7840000301000191e-10,1,0
1,102,2.0200000000000009,3,0.00071274400301000237,0.00071274400325294291,2.4294054181556168e-13,8.1274400301000226e-10,1,0
1,103,2.0400000000000009,3,0.0007479360030100018,0.00074793600327199188,2.6199008240634925e-13,8.4793600301000172e-10,1,0
1,104,2.0600000000000009,3,0.000783976003010002,0.00078397600328816979,2.781677882826572e-13,8.8397600301000194e-10,1,0
1,105,2.080000000000001,3,0.00082086400301000211,0.00082086400330147686,2.9147474364665804e-13,9.2086400301000209e-10,1,0
1,106,2.100000000000001,3,0.00085860000301000257,0.00085860000331191265,3.0191008113661377e-13,9.5860000301000249e-10,1,0
1,107,2.120000000000001,3,0.00089718400301000249,0.0008971840033194777,3.0947521021534863e-13,9.971840030100024e-10,1,0
1,108,2.140000000000001,3,0.00093661600301000276,0.00093661600332417148,3.1416872142003838e-13,1.0366160030100028e-09,1,0
1,109,2.160000000000001,3,0.0009768960030100025,0.00097689600332599431,3.1599180737307275e-13,1.0768960030100026e-09,1,0
1,110,2.180000000000001,3,0.001018024003010003,0.0010180240033249464,3.1494338387227927e-13,1.118024003010003e-09,1,0
1,111,2.200000000000002,3,0.001060000003010003,0.001060000003321029,3.1102594458265465e-13,1.1600000030100031e-09,1,0
1,112,2.220000000000002,3,0.0011028240030100029,0.0011028240033142389,3.0423602005724693e-13,1.2028240030100029e-09,1,0
1,113,2.240000000000002,3,0.0011464960030100029,0.0011464960033045779,2.9457491133866309e-13,1.2464960030100029e-09,1,0
1,114,2.260000000000002,3,0.0011910160030100031,0.0011910160032920457,2.8204261842690315e-13,1.291016003010003e-09,1,0
1,115,2.280000000000002,3,0.0012363840030100029,0.0012363840032766427,2.6663979184327058e-13,1.3363840030100028e-09,1,0
1,116,2.300000000000002,3,0.001282600003010004,0.0012826000032583687,2.4836469686428941e-13,1.3826000030100039e-09,1,0
1,117,2.3200000000000021,3,0.001329664003010003,0.0013296640032372236,2.2722058609647711e-13,1.429664003010003e-09,1,0
1,118,2.3400000000000021,3,0.0013775760030100041,0.0013775760032132072,2.0320312273114371e-13,1.4775760030100041e-09,1,0
1,119,2.3600000000000021,3,0.0014263360030100031,0.0014263360031863202,1.7631707725784818e-13,1.526336003010003e-09,1,0
1,120,2.3800000000000021,3,0.001475944003010004,0.0014759440031565621,1.4655811286790055e-13,1.575944003010004e-09,1,0
1,121,2.4000000000000021,3,0.0015264000030100039,0.001526400003123933,1.1392904848694929e-13,1.6264000030100038e-09,1,0
1,122,2.4200000000000021,3,0.0015777040030100051,0.0015777040030884328,7.8427715710649437e-14,1.6777040030100051e-09,1,0
1,123,2.4400000000000022,3,0.001629856003010004,0.0016298560030500618,4.0057800826387435e-14,1.729856003010004e-09,1,0
1,124,2.4600000000000022,3,0.0016828560030100049,0.0016828560030088195,-1.1854666553956505e-15,1.7828560030100049e-09,1,0
1,125,2.4800000000000022,3,0.0017367040030100041,0.0017367040029647061,-4.5297966766444375e-14,1.8367040030100041e-09,1,0
1,126,2.5000000000000022,3,0.001791400003010004,0.0017914000029177223,-9.2281651070669213e-14,1.8914000030100039e-09,1,0
1,127,2.5200000000000018,3,0.0018469440030100049,0.0018469440028678658,-1.4213912165328413e-13,1.9469440030100047e-09,1,0
1,128,2.5400000000000018,3,0.0019033360030100051,0.0019033360028151397,-1.9486539118429569e-13,2.003336003010005e-09,1,0
1,129,2.5600000000000018,3,0.0019605760030100049,0.0019605760027595425,-2.5046241122761437e-13,2.0605760030100047e-09,1,0
1,130,2.5800000000000018,3,0.0020186640030100049,0.002018664002701074,-3.0893083230454366e-13,2.118664003010005e-09,1,0
1,131,2.6000000000000019,3,0.0020776000030100052,0.0020776000026397354,-3.7026978705334557e-13,2.1776000030100052e-09,1,0
1,132,2.6200000000000019,3,0.002137384003010005,0.0021373840025755244,-4.3448057651662708e-13,2.2373840030100048e-09,1,0
1,133,2.6400000000000019,3,0.0021980160030100051,0.0021980160025084432,-5.0156189965178122e-13,2.2980160030100051e-09,1,0
1,134,2.6600000000000019,3,0.002259496003010006,0.002259496002438491,-5.7151505750141496e-13,2.359496003010006e-09,1,0
1,135,2.6800000000000019,3,0.002321824003010006,0.0023218240023656681,-6.4433788166118333e-13,2.4218240030100059e-09,1,0
1,136,2.700000000000002,3,0.002385000003010005,0.0023850000022899742,-7.2003080581195533e-13,2.4850000030100048e-09,1,0
1,137,2.720000000000002,3,0.002449024003010006,0.0024490240022114083,-7.9859773308155191e-13,2.549024003010006e-09,0,1
1,138,2.740000000000002,3,0.0025138960030100061,0.0025138960021299723,-8.8003389298041412e-13,2.6138960030100062e-09,0,1
1,139,2.760000000000002,3,0.0025796160030100062,0.0025796160020456651,-9.6434102023201795e-13,2.6796160030100063e-09,0,1
1,140,2.780000000000002,3,0.0026461840030100069,0.0026461840019584865,-1.0515204158789704e-12,2.746184003010007e-09,0,1
1,141,2.800000000000002,3,0.0027136000030100072,0.0027136000018684377,-1.1415694778360574e-12,2.8136000030100071e-09,0,1
1,142,2.8200000000000021,3,0.002781864003010007,0.0027818640017755174,-1.2344895071458861e-12,2.8818640030100067e-09,0,1
1,143,2.8400000000000021,3,0.002850976003010007,0.0028509760016797261,-1.3302809374893254e-12,2.9509760030100069e-09,0,1
1,144,2.8600000000000021,3,0.0029209360030100079,0.0029209360015810637,-1.4289442025472443e-12,3.0209360030100078e-09,0,1
1,145,2.8800000000000021,3,0.002991744003010006,0.0029917440014795298,-1.5304762665535598e-12,3.091744003010006e-09,0,1
1,146,2.9000000000000021,3,0.0030634000030100072,0.0030634000013751261,-1.634881032636093e-12,3.1634000030100069e-09,0,1
1,147,2.9200000000000021,3,0.0031359040030100082,0.003135904001267851,-1.7421571997522367e-12,3.2359040030100081e-09,0,1
1,148,2.9400000000000022,3,0.0032092560030100082,0.0032092560011577043,-1.8523039005402531e-12,3.3092560030100083e-09,0,1
1,149,2.9600000000000022,3,0.003283456003010009,0.0032834560010446866,-1.965322436042749e-12,3.3834560030100091e-09,0,1
1,150,2.9800000000000022,3,0.0033585040030100111,0.0033585040009287987,-2.0812123725788556e-12,3.458504003010011e-09,0,1
1,151,3.0000000000000022,3,0.00343440000301001,0.0034344000008100389,-2.1999711080633588e-12,3.5344000030100099e-09,0,1
1,152,3.0200000000000018,3,0.0035111440030100079,0.0035111440006884076,-2.3216003772197347e-12,3.6111440030100077e-09,0,1
1,153,3.0400000000000018,3,0.0035887360030100088,0.003588736000563906,-2.4461027821331971e-12,3.6887360030100087e-09,0,1
1,154,3.0600000000000018,3,0.0036671760030100101,0.0036671760004365339,-2.5734761543994011e-12,3.7671760030100099e-09,0,1
1,155,3.0800000000000018,3,0.0037464640030100099,0.0037464640003062898,-2.7037200603374778e-12,3.8464640030100102e-09,0,1
1,156,3.1000000000000019,3,0.0038266000030100101,0.0038266000001731756,-2.8368344999474271e-12,3.9266000030100102e-09,0,1
1,157,3.1200000000000019,3,0.0039075840030100093,0.0039075840000371903,-2.97281903954838e-12,4.0075840030100093e-09,0,1
1,158,3.1400000000000019,3,0.0039894160030100097,0.0039894159998983339,-3.1116758475446815e-12,4.0894160030100098e-09,0,1
1,159,3.1600000000000019,3,0.0040720960030100097,0.0040720959997566069,-3.2534027555319867e-12,4.1720960030100094e-09,0,1
1,160,3.1800000000000019,3,0.004155624003010009,0.0041556239996120075,-3.3980014982337714e-12,4.2556240030100088e-09,0,1
1,161,3.200000000000002,3,0.0042400000030100096,0.0042399999994645384,-3.5454712082882978e-12,4.3400000030100096e-09,0,1
1,162,3.220000000000002,3,0.0043252240030100114,0.0043252239993141987,-3.6958127530573037e-12,4.4252240030100112e-09,0,1
1,163,3.240000000000002,3,0.004411296003010011,0.0044112959991609857,-3.8490252651790513e-12,4.5112960030100109e-09,0,1
1,164,3.260000000000002,3,0.0044982160030100117,0.0044982159990049056,-4.0051061425683265e-12,4.5982160030100112e-09,0,1
1,165,3.280000000000002,3,0.0045859840030100102,0.0045859839988459496,-4.1640605893955573e-12,4.6859840030100098e-09,0,1
1,166,3.300000000000002,3,0.0046746000030100099,0.0046745999986841274,-4.3258825341285778e-12,4.7746000030100098e-09,0,1
1,167,3.3200000000000029,3,0.0047640640030100134,0.0047640639985194336,-4.4905797830230298e-12,4.8640640030100129e-09,0,1
1,168,3.340000000000003,3,0.0048543760030100129,0.0048543759983518692,-4.6581436624615336e-12,4.9543760030100126e-09,0,1
1,169,3.360000000000003,3,0.0049455360030100128,0.0049455359981814299,-4.8285828460614688e-12,5.0455360030100129e-09,0,1
1,170,3.380000000000003,3,0.0050375440030100121,0.0050375439980081234,-5.0018886602054557e-12,5.1375440030100123e-09,0,1
1,171,3.400000000000003,3,0.0051304000030100126,0.005130399997831942,-5.1780706458726122e-12,5.2304000030100123e-09,0,1
1,172,3.420000000000003,3,0.0052241040030100109,0.0052241039976528942,-5.3571166599986064e-12,5.3241040030100105e-09,0,1
1,173,3.4400000000000031,3,0.0053186560030100121,0.0053186559974709698,-5.5390423150947221e-12,5.4186560030100118e-09,0,1
1,174,3.4600000000000031,3,0.0054140560030100128,0.0054140559972861799,-5.7238328660114135e-12,5.5140560030100129e-09,0,1
1,175,3.4800000000000031,3,0.0055103040030100147,0.0055103039970985134,-5.9115013231747504e-12,5.6103040030100147e-09,0,1
1,176,3.5000000000000031,3,0.0056074000030100143,0.0056073999969079823,-6.1020320740734491e-12,5.7074000030100138e-09,0,1
2,1,1,0,-0,0,0,1e-10,0,1
2,2,1,0.025000000000000001,3.4665602249209568e-14,0,-3.4665602249209568e-14,1.0000000003466561e-10,0,1
2,3,1,0.050000000000000003,5.9872798692471937e-14,0,-5.9872798692471937e-14,1.000000000598728e-10,0,1
2,4,1,0.075000000000000011,8.495161399082799e-14,0,-8.495161399082799e-14,1.0000000008495162e-10,0,1
2,5,1,0.10000000000000001,1.0998159448256401e-13,0,-1.0998159448256401e-13,1.000000001099816e-10,0,1
2,6,1,0.125,1.3500000000000001e-13,0,-1.3500000000000001e-13,1.00000000135e-10,0,1
2,7,1,0.14999999999999999,1.6e-13,0,-1.6e-13,1.0000000016e-10,0,1
2,8,1,0.17499999999999999,1.8499999999999999e-13,0,-1.8499999999999999e-13,1.0000000018500001e-10,0,1
2,9,1,0.20000000000000001,2.0999999999999999e-13,0,-2.0999999999999999e-13,1.0000000021e-10,0,1
2,10,1,0.22500000000000001,2.3500000000000001e-13,0,-2.3500000000000001e-13,1.00000000235e-10,0,1
2,11,1,0.25,2.599999999999999e-13,0,-2.599999999999999e-13,1.0000000026000001e-10,0,1
2,12,1,0.27500000000000002,2.849999999999999e-13,0,-2.849999999999999e-13,1.00000000285e-10,0,1
2,13,1,0.29999999999999999,3.0999999999999999e-13,0,-3.0999999999999999e-13,1.0000000031e-10,0,1
2,14,1,0.32500000000000001,3.3499999999999999e-13,0,-3.3499999999999999e-13,1.0000000033500001e-10,0,1
2,15,1,0.34999999999999998,3.5999999999999998e-13,0,-3.5999999999999998e-13,1.0000000036000001e-10,0,1
2,16,1,0.37500000000000011,3.8500000000000008e-13,0,-3.8500000000000008e-13,1.00000000385e-10,0,1
2,17,1,0.40000000000000008,4.1000000000000012e-13,0,-4.1000000000000012e-13,1.0000000041000001e-10,0,1
2,18,1,0.4250000000000001,4.3500000000000012e-13,0,-4.3500000000000012e-13,1.0000000043500001e-10,0,1
2,19,1,0.45000000000000012,4.6000000000000006e-13,0,-4.6000000000000006e-13,1.0000000046e-10,0,1
2,20,1,0.47500000000000009,4.8500000000000005e-13,0,-4.8500000000000005e-13,1.00000000485e-10,0,1
2,21,1,0.50000000000000011,5.1000000000000005e-13,0,-5.1000000000000005e-13,1.0000000051000001e-10,0,1
2,22,1,0.52500000000000013,5.3500000000000004e-13,0,-5.3500000000000004e-13,1.00000000535e-10,0,1
2,23,1,0.55000000000000016,5.6000000000000014e-13,0,-5.6000000000000014e-13,1.0000000056e-10,0,1
2,24,1,0.57500000000000018,5.8500000000000013e-13,0,-5.8500000000000013e-13,1.0000000058500001e-10,0,1
2,25,1,0.6000000000000002,6.1000000000000013e-13,0,-6.1000000000000013e-13,1.0000000061e-10,0,1
2,26,1,0.62500000000000022,6.3500000000000012e-13,0,-6.3500000000000012e-13,1.00000000635e-10,0,1
2,27,1,0.65000000000000024,6.6000000000000022e-13,0,-6.6000000000000022e-13,1.0000000066000001e-10,0,1
2,28,1,0.67500000000000027,6.8500000000000021e-13,0,-6.8500000000000021e-13,1.00000000685e-10,0,1
2,29,1,0.70000000000000029,7.1000000000000021e-13,0,-7.1000000000000021e-13,1.0000000071e-10,0,1
2,30,1,0.72500000000000031,7.350000000000003e-13,0,-7.350000000000003e-13,1.0000000073500001e-10,0,1
2,31,1,0.75000000000000033,7.600000000000003e-13,0,-7.600000000000003e-13,1.0000000076000001e-10,0,1
2,32,1,0.77500000000000036,7.8500000000000029e-13,0,-7.8500000000000029e-13,1.00000000785e-10,0,1
2,33,1,0.80000000000000038,8.1000000000000028e-13,0,-8.1000000000000028e-13,1.0000000081e-10,0,1
2,34,1,0.8250000000000004,8.3500000000000038e-13,0,-8.3500000000000038e-13,1.0000000083500001e-10,0,1
2,35,1,0.85000000000000042,8.6000000000000037e-13,0,-8.6000000000000037e-13,1.0000000086e-10,0,1
2,36,1,0.87500000000000044,8.8500000000000037e-13,0,-8.8500000000000037e-13,1.00000000885e-10,0,1
2,37,1,0.90000000000000047,9.1000000000000036e-13,0,-9.1000000000000036e-13,1.0000000091000001e-10,0,1
2,38,1,0.92500000000000049,9.3500000000000036e-13,0,-9.3500000000000036e-13,1.00000000935e-10,0,1
2,39,1,0.95000000000000051,9.6000000000000035e-13,0,-9.6000000000000035e-13,1.0000000096e-10,0,1
2,40,1,0.97500000000000053,9.8500000000000055e-13,0,-9.8500000000000055e-13,1.0000000098500001e-10,0,1
2,41,1,1,1.0099999999999999e-12,0,-1.0099999999999999e-12,1.0000000101e-10,0,1
2,42,1,1.0249999999999999,1.0349999999999999e-12,0,-1.0349999999999999e-12,1.00000001035e-10,0,1
2,43,1,1.05,1.0599999999999999e-12,0,-1.0599999999999999e-12,1.0000000106000001e-10,0,1
2,44,1,1.075,1.0849999999999999e-12,0,-1.0849999999999999e-12,1.00000001085e-10,0,1
2,45,1,1.1000000000000001,1.1099999999999999e-12,0,-1.1099999999999999e-12,1.0000000111e-10,0,1
2,46,1,1.125,1.1349999999999999e-12,0,-1.1349999999999999e-12,1.0000000113500001e-10,0,1
2,47,1,1.1499999999999999,1.1599999999999999e-12,0,-1.1599999999999999e-12,1.0000000116000001e-10,0,1
2,48,1,1.175,1.1850000000000001e-12,0,-1.1850000000000001e-12,1.00000001185e-10,0,1
2,49,1,1.2,1.2100000000000001e-12,0,-1.2100000000000001e-12,1.0000000121e-10,0,1
2,50,1,1.2250000000000001,1.2349999999999991e-12,0,-1.2349999999999991e-12,1.0000000123500001e-10,0,1
2,51,1,1.25,1.2599999999999991e-12,0,-1.2599999999999991e-12,1.0000000126e-10,0,1
2,52,1,1.274999999999999,1.2849999999999991e-12,0,-1.2849999999999991e-12,1.00000001285e-10,0,1
2,53,1,1.2999999999999989,1.3099999999999991e-12,0,-1.3099999999999991e-12,1.0000000131000001e-10,0,1
2,54,1,1.3249999999999991,1.3349999999999991e-12,0,-1.3349999999999991e-12,1.00000001335e-10,0,1
2,55,1,1.349999999999999,1.3599999999999991e-12,0,-1.3599999999999991e-12,1.0000000136e-10,0,1
2,56,1,1.3749999999999989,1.384999999999999e-12,0,-1.384999999999999e-12,1.0000000138500001e-10,0,1
2,57,1,1.399999999999999,1.409999999999999e-12,0,-1.409999999999999e-12,1.0000000141e-10,0,1
2,58,1,1.4249999999999989,1.434999999999999e-12,0,-1.434999999999999e-12,1.00000001435e-10,0,1
2,59,1,1.4499999999999991,1.459999999999999e-12,0,-1.459999999999999e-12,1.0000000146000001e-10,0,1
2,60,1,1.474999999999999,1.484999999999999e-12,0,-1.484999999999999e-12,1.00000001485e-10,0,1
2,61,1,1.4999999999999989,1.509999999999999e-12,0,-1.509999999999999e-12,1.0000000151e-10,0,1
2,62,1,1.524999999999999,1.534999999999998e-12,0,-1.534999999999998e-12,1.0000000153500001e-10,0,1
2,63,1,1.549999999999998,1.559999999999998e-12,0,-1.559999999999998e-12,1.0000000156000001e-10,0,1
2,64,1,1.574999999999998,1.584999999999998e-12,0,-1.584999999999998e-12,1.00000001585e-10,0,1
2,65,1,1.5999999999999981,1.609999999999998e-12,0,-1.609999999999998e-12,1.0000000161e-10,0,1
2,66,1,1.624999999999998,1.634999999999998e-12,0,-1.634999999999998e-12,1.0000000163500001e-10,0,1
2,67,1,1.6499999999999979,1.659999999999998e-12,0,-1.659999999999998e-12,1.0000000166e-10,0,1
2,68,1,1.674999999999998,1.684999999999998e-12,0,-1.684999999999998e-12,1.00000001685e-10,0,1
2,69,1,1.699999999999998,1.709999999999998e-12,0,-1.709999999999998e-12,1.0000000171000001e-10,0,1
2,70,1,1.7249999999999981,1.734999999999998e-12,0,-1.734999999999998e-12,1.00000001735e-10,0,1
2,71,1,1.749999999999998,1.759999999999998e-12,0,-1.759999999999998e-12,1.0000000176e-10,0,1
2,72,1,1.7749999999999979,1.7849999999999979e-12,0,-1.7849999999999979e-12,1.0000000178500001e-10,0,1
2,73,1,1.799999999999998,1.8099999999999979e-12,0,-1.8099999999999979e-12,1.0000000181e-10,0,1
2,74,1,1.824999999999998,1.8349999999999981e-12,0,-1.8349999999999981e-12,1.00000001835e-10,0,1
2,75,1,1.849999999999997,1.8599999999999981e-12,0,-1.8599999999999981e-12,1.0000000186000001e-10,0,1
2,76,1,1.8749999999999969,1.8849999999999969e-12,0,-1.8849999999999969e-12,1.0000000188500001e-10,0,1
2,77,1,1.899999999999997,1.9099999999999969e-12,0,-1.9099999999999969e-12,1.0000000191e-10,0,1
2,78,1,1.9249999999999969,1.9349999999999969e-12,0,-1.9349999999999969e-12,1.0000000193500001e-10,0,1
2,79,1,1.9499999999999971,1.9599999999999969e-12,0,-1.9599999999999969e-12,1.0000000196000001e-10,0,1
2,80,1,1.974999999999997,1.9849999999999969e-12,0,-1.9849999999999969e-12,1.00000001985e-10,0,1
2,81,1,1.9999999999999969,2.0099999999999969e-12,0,-2.0099999999999969e-12,1.0000000201e-10,0,1
2,82,1,2.0249999999999968,2.0349999999999969e-12,0,-2.0349999999999969e-12,1.0000000203500001e-10,0,1
2,83,1,2.0499999999999972,2.0599999999999969e-12,0,-2.0599999999999969e-12,1.0000000206e-10,0,1
2,84,1,2.0749999999999971,2.0849999999999969e-12,0,-2.0849999999999969e-12,1.00000002085e-10,0,1
2,85,1,2.099999999999997,2.1099999999999961e-12,0,-2.1099999999999961e-12,1.0000000211000001e-10,0,1
2,86,1,2.124999999999996,2.1349999999999961e-12,0,-2.1349999999999961e-12,1.00000002135e-10,0,1
2,87,1,2.1499999999999959,2.159999999999996e-12,0,-2.159999999999996e-12,1.0000000216e-10,0,1
2,88,1,2.1749999999999958,2.184999999999996e-12,0,-2.184999999999996e-12,1.0000000218500001e-10,0,1
2,89,1,2.1999999999999962,2.209999999999996e-12,0,-2.209999999999996e-12,1.0000000221e-10,0,1
2,90,1,2.2249999999999961,2.234999999999996e-12,0,-2.234999999999996e-12,1.00000002235e-10,0,1
2,91,1,2.249999999999996,2.259999999999996e-12,0,-2.259999999999996e-12,1.0000000226000001e-10,0,1
2,92,1,2.2749999999999959,2.284999999999996e-12,0,-2.284999999999996e-12,1.0000000228500001e-10,0,1
2,93,1,2.2999999999999958,2.309999999999996e-12,0,-2.309999999999996e-12,1.0000000231e-10,0,1
2,94,1,2.3249999999999962,2.334999999999996e-12,0,-2.334999999999996e-12,1.00000002335e-10,0,1
2,95,1,2.3499999999999961,2.359999999999996e-12,0,-2.359999999999996e-12,1.0000000236000001e-10,0,1
2,96,1,2.374999999999996,2.384999999999996e-12,0,-2.384999999999996e-12,1.00000002385e-10,0,1
2,97,1,2.399999999999995,2.409999999999996e-12,0,-2.409999999999996e-12,1.0000000241e-10,0,1
2,98,1,2.4249999999999949,2.434999999999996e-12,0,-2.434999999999996e-12,1.0000000243500001e-10,0,1
2,99,1,2.4499999999999948,2.459999999999996e-12,0,-2.459999999999996e-12,1.0000000246e-10,0,1
2,100,1,2.4749999999999952,2.4849999999999952e-12,0,-2.4849999999999952e-12,1.00000002485e-10,0,1
2,101,1,2.4999999999999951,2.5099999999999952e-12,0,-2.5099999999999952e-12,1.0000000251000001e-10,0,1
2,102,1,2.524999999999995,2.5349999999999952e-12,0,-2.5349999999999952e-12,1.00000002535e-10,0,1
2,103,1,2.5499999999999949,2.5599999999999952e-12,0,-2.5599999999999952e-12,1.0000000256e-10,0,1
2,104,1,2.5749999999999948,2.5849999999999951e-12,0,-2.5849999999999951e-12,1.0000000258500001e-10,0,1
2,105,1,2.5999999999999952,2.6099999999999951e-12,0,-2.6099999999999951e-12,1.0000000261e-10,0,1
2,106,1,2.6249999999999951,2.6349999999999951e-12,0,-2.6349999999999951e-12,1.00000002635e-10,0,1
2,107,1,2.649999999999995,2.6599999999999951e-12,0,-2.6599999999999951e-12,1.0000000266000001e-10,0,1
2,108,1,2.674999999999994,2.6849999999999951e-12,0,-2.6849999999999951e-12,1.0000000268500001e-10,0,1
2,109,1,2.699999999999994,2.7099999999999939e-12,0,-2.7099999999999939e-12,1.0000000271e-10,0,1
2,110,1,2.7249999999999939,2.7349999999999939e-12,0,-2.7349999999999939e-12,1.00000002735e-10,0,1
2,111,1,2.7499999999999938,2.7599999999999939e-12,0,-2.7599999999999939e-12,1.0000000276000001e-10,0,1
2,112,1,2.7749999999999941,2.7849999999999939e-12,0,-2.7849999999999939e-12,1.00000002785e-10,0,1
2,113,1,2.799999999999994,2.8099999999999939e-12,0,-2.8099999999999939e-12,1.0000000281e-10,0,1
2,114,1,2.824999999999994,2.8349999999999939e-12,0,-2.8349999999999939e-12,1.0000000283500001e-10,0,1
2,115,1,2.8499999999999939,2.8599999999999939e-12,0,-2.8599999999999939e-12,1.0000000286e-10,0,1
2,116,1,2.8749999999999938,2.8849999999999939e-12,0,-2.8849999999999939e-12,1.00000002885e-10,0,1
2,117,1,2.8999999999999941,2.9099999999999939e-12,0,-2.9099999999999939e-12,1.0000000291000001e-10,0,1
2,118,1,2.924999999999994,2.9349999999999939e-12,0,-2.9349999999999939e-12,1.00000002935e-10,0,1
2,119,1,2.949999999999994,2.959999999999993e-12,0,-2.959999999999993e-12,1.0000000296e-10,0,1
2,120,1,2.974999999999993,2.984999999999993e-12,0,-2.984999999999993e-12,1.0000000298500001e-10,0,1
2,121,1,2.9999999999999929,3.009999999999993e-12,0,-3.009999999999993e-12,1.0000000301000001e-10,0,0
3,1,1.5,0,-0,0,0,1e-10,0,1
3,2,1.5,0.025000000000000001,1.43821875311961e-05,1.4382187590487488e-05,5.92913881240862e-14,1.143821875311961e-10,0,1
3,3,1.5,0.050000000000000003,2.752750005855303e-05,2.7527500187784714e-05,1.2923168462544883e-13,1.2752750005855304e-10,0,1
3,4,1.5,0.075000000000000011,3.9434062584449561e-05,3.9434062791845707e-05,2.0739614588422342e-13,1.3943406258444956e-10,0,1
3,5,1.5,0.10000000000000001,5.0100000109999918e-05,5.0100000402624465e-05,2.926245468268425e-13,1.5010000010999993e-10,0,1
3,6,1.5,0.125,5.9523437634999927e-05,5.9523438020075037e-05,3.8507510981972137e-13,1.5952343763499993e-10,0,1
3,7,1.5,0.14999999999999999,6.7702500159999947e-05,6.770250064415143e-05,4.8415148301041155e-13,1.6770250015999996e-10,0,1
3,8,1.5,0.17499999999999999,7.4635312684999942e-05,7.4635313274807713e-05,5.8980777076569901e-13,1.7463531268499996e-10,0,1
3,9,1.5,0.20000000000000001,8.0320000209999922e-05,8.0320000911997871e-05,7.0199794870336174e-13,1.8032000020999991e-10,0,1
3,10,1.5,0.22500000000000001,8.4754687734999953e-05,8.4754688555675932e-05,8.2067597888865057e-13,1.8475468773499995e-10,0,1
3,11,1.5,0.25,8.7937500259999829e-05,8.7937501205795951e-05,9.4579612154241377e-13,1.8793750025999983e-10,0,1
3,12,1.5,0.27500000000000002,8.9866562784999995e-05,8.9866563862311887e-05,1.077311891496506e-12,1.8986656278499999e-10,0,1
3,13,1.5,0.29999999999999999,9.0540000309999921e-05,9.0540001525177835e-05,1.2151779148900088e-12,1.9054000030999991e-10,0,1
3,14,1.5,0.32500000000000001,9.0585000334999946e-05,9.0585001527259074e-05,1.1922591277961636e-12,1.9058500033499995e-10,0,1
3,15,1.5,0.34999999999999998,9.0630000359999971e-05,9.0630001529340271e-05,1.1693403000447369e-12,1.9063000035999995e-10,0,1
3,16,1.5,0.37500000000000011,9.0675000384999888e-05,9.0675001531421455e-05,1.1464215671610004e-12,1.9067500038499988e-10,0,1
3,17,1.5,0.40000000000000008,9.0720000409999914e-05,9.0720001533502653e-05,1.1235027394095737e-12,1.9072000040999992e-10,0,1
3,18,1.5,0.4250000000000001,9.0765000434999939e-05,9.0765001535583837e-05,1.1005838981056199e-12,1.9076500043499992e-10,0,1
3,19,1.5,0.45000000000000012,9.0810000459999964e-05,9.0810001537665048e-05,1.0776650839067203e-12,1.9081000045999996e-10,0,1
3,20,1.5,0.47500000000000009,9.085500048499999e-05,9.0855001539746246e-05,1.0547462561552937e-12,1.9085500048499999e-10,0,1
3,21,1.5,0.50000000000000011,9.0900000509999907e-05,9.0900001541827444e-05,1.0318275368240842e-12,1.9090000050999989e-10,0,1
3,22,1.5,0.52500000000000013,9.0945000534999932e-05,9.0945001543908628e-05,1.0089086955201304e-12,1.9094500053499993e-10,0,1
3,23,1.5,0.55000000000000016,9.0990000559999958e-05,9.0990001545989825e-05,9.8598986776870373e-13,1.9099000055999996e-10,0,1
3,24,1.5,0.57500000000000018,9.1035000584999983e-05,9.1035001548071037e-05,9.6307105356980421e-13,1.9103500058499997e-10,0,1
3,25,1.5,0.6000000000000002,9.10800006099999e-05,9.1080001550152221e-05,9.4015232068606763e-13,1.910800006099999e-10,0,1
3,26,1.5,0.62500000000000022,9.1125000634999925e-05,9.1125001552233418e-05,9.1723349293464096e-13,1.9112500063499993e-10,0,1
3,27,1.5,0.65000000000000024,9.1170000659999951e-05,9.1170001554314616e-05,8.9431466518321429e-13,1.9117000065999994e-10,0,1
3,28,1.5,0.67500000000000027,9.1215000684999976e-05,9.12150015563958e-05,8.7139582387926046e-13,1.9121500068499997e-10,0,1
3,29,1.5,0.70000000000000029,9.1260000709999893e-05,9.1260001558477011e-05,8.4847711810057819e-13,1.912600007099999e-10,0,1
3,30,1.5,0.72500000000000031,9.1305000734999918e-05,9.1305001560558209e-05,8.2555829034915151e-13,1.9130500073499991e-10,0,1
3,31,1.5,0.75000000000000033,9.1350000759999944e-05,9.1350001562639406e-05,8.0263946259772484e-13,1.9135000075999994e-10,0,1
3,32,1.5,0.77500000000000036,9.1395000784999969e-05,9.1395001564720591e-05,7.7972062129377101e-13,1.9139500078499997e-10,0,1
3,33,1.5,0.80000000000000038,9.1440000809999886e-05,9.1440001566801788e-05,7.5680190196256159e-13,1.9144000080999988e-10,0,1
3,34,1.5,0.8250000000000004,9.1485000834999912e-05,9.1485001568882999e-05,7.3388308776366207e-13,1.9148500083499991e-10,0,1
3,35,1.5,0.85000000000000042,9.1530000859999937e-05,9.1530001570964183e-05,7.1096424645970824e-13,1.9153000085999994e-10,0,1
3,36,1.5,0.87500000000000044,9.1575000884999962e-05,9.1575001573045381e-05,6.8804541870828156e-13,1.9157500088499995e-10,0,1
3,37,1.5,0.90000000000000047,9.1620000909999988e-05,9.1620001575126579e-05,6.6512659095685489e-13,1.9162000090999998e-10,0,1
3,38,1.5,0.92500000000000049,9.1665000934999905e-05,9.1665001577207763e-05,6.4220785807311831e-13,1.9166500093499991e-10,0,1
3,39,1.5,0.95000000000000051,9.171000095999993e-05,9.1710001579288974e-05,6.1928904387421879e-13,1.9171000095999992e-10,0,1
3,40,1.5,0.97500000000000053,9.1755000984999955e-05,9.1755001581370172e-05,5.9637021612279212e-13,1.9175500098499995e-10,0,1
3,41,1.5,1,9.1800001009999981e-05,9.1800001583451356e-05,5.7345137481883829e-13,1.9180000100999999e-10,0,1
3,42,1.5,1.0249999999999999,9.1845001034999898e-05,9.1845001585532553e-05,5.5053265548762886e-13,1.9184500103499989e-10,0,1
3,43,1.5,1.05,9.1890001059999923e-05,9.1890001587613751e-05,5.2761382773620219e-13,1.9189000105999992e-10,0,1
3,44,1.5,1.075,9.1935001084999949e-05,9.1935001589694962e-05,5.0469501353730267e-13,1.9193500108499996e-10,0,1
3,45,1.5,1.1000000000000001,9.1980001109999974e-05,9.1980001591776146e-05,4.8177617223334884e-13,1.9198000110999996e-10,0,1
3,46,1.5,1.125,9.2025001134999891e-05,9.2025001593857344e-05,4.5885745290213942e-13,1.9202500113499989e-10,0,1
3,47,1.5,1.1499999999999999,9.2070001159999916e-05,9.2070001595938528e-05,4.3593861159818559e-13,1.9207000115999993e-10,0,1
3,48,1.5,1.175,9.2115001184999942e-05,9.2115001598019726e-05,4.1301978384675891e-13,1.9211500118499993e-10,0,1
3,49,1.5,1.2,9.2160001209999967e-05,9.2160001600100937e-05,3.901009696478594e-13,1.9216000120999997e-10,0,1
3,50,1.5,1.2250000000000001,9.2205001234999884e-05,9.2205001602182134e-05,3.6718225031664997e-13,1.922050012349999e-10,0,1
3,51,1.5,1.25,9.2250001259999909e-05,9.2250001604263319e-05,3.4426340901269614e-13,1.922500012599999e-10,0,1
3,52,1.5,1.274999999999999,9.2295001284999935e-05,9.2295001606344516e-05,3.2134458126126947e-13,1.9229500128499994e-10,0,1
3,53,1.5,1.2999999999999989,9.234000130999996e-05,9.23400016084257e-05,2.9842573995731564e-13,1.9234000130999997e-10,0,1
3,54,1.5,1.3249999999999991,9.2385001334999986e-05,9.2385001610506911e-05,2.7550692575841612e-13,1.9238500133499998e-10,0,1
3,55,1.5,1.349999999999999,9.2430001359999903e-05,9.2430001612588109e-05,2.525882064272067e-13,1.9243000135999991e-10,0,1
3,56,1.5,1.3749999999999989,9.2475001384999928e-05,9.2475001614669307e-05,2.2966937867578002e-13,1.9247500138499994e-10,0,1
3,57,1.5,1.399999999999999,9.2520001409999953e-05,9.2520001616750491e-05,2.0675053737182619e-13,1.9252000140999995e-10,0,1
3,58,1.5,1.4249999999999989,9.2565001434999979e-05,9.2565001618831688e-05,1.8383170962039952e-13,1.9256500143499998e-10,0,1
3,59,1.5,1.4499999999999991,9.2610001459999896e-05,9.26100016209129e-05,1.6091300384171725e-13,1.9261000145999991e-10,0,1
3,60,1.5,1.474999999999999,9.2655001484999921e-05,9.2655001622994084e-05,1.3799416253776342e-13,1.9265500148499992e-10,0,1
3,61,1.5,1.4999999999999989,9.2700001509999947e-05,9.2700001625075281e-05,1.1507533478633675e-13,1.9270000150999995e-10,0,1
3,62,1.5,1.524999999999999,9.2745001534999972e-05,9.2745001627156479e-05,9.2156507034910073e-14,1.9274500153499998e-10,0,1
3,63,1.5,1.549999999999998,9.2790001559999889e-05,9.2790001629237663e-05,6.9237774151173492e-14,1.9279000155999989e-10,0,1
3,64,1.5,1.574999999999998,9.2835001584999914e-05,9.2835001631318874e-05,4.6318959952273975e-14,1.9283500158499992e-10,0,1
3,65,1.5,1.5999999999999981,9.288000160999994e-05,9.2880001633400072e-05,2.3400132200847301e-14,1.9288000160999995e-10,0,1
3,66,1.5,1.624999999999998,9.2925001634999965e-05,9.2925001635481256e-05,4.8129089689347149e-16,1.9292500163499996e-10,0,1
3,67,1.5,1.6499999999999979,9.2970001659999882e-05,9.2970001637562454e-05,-2.2437428434315954e-14,1.9297000165999986e-10,0,1
3,68,1.5,1.674999999999998,9.3015001684999907e-05,9.3015001639643651e-05,-4.5356256185742627e-14,1.9301500168499992e-10,0,1
3,69,1.5,1.699999999999998,9.3060001709999933e-05,9.3060001641724862e-05,-6.8275070384642145e-14,1.9306000170999993e-10,0,1
3,70,1.5,1.7249999999999981,9.3105001734999958e-05,9.3105001643806047e-05,-9.1193911688595974e-14,1.9310500173499996e-10,0,1
3,71,1.5,1.749999999999998,9.3150001759999984e-05,9.3150001645887244e-05,-1.1411273944002265e-13,1.9315000176e-10,0,1
3,72,1.5,1.7749999999999979,9.3195001784999901e-05,9.3195001647968428e-05,-1.3703147232375923e-13,1.931950017849999e-10,0,1
3,73,1.5,1.799999999999998,9.3240001809999926e-05,9.3240001650049626e-05,-1.599503000751859e-13,1.9324000180999991e-10,0,1
3,74,1.5,1.824999999999998,9.3285001834999951e-05,9.3285001652130837e-05,-1.8286911427408542e-13,1.9328500183499997e-10,0,1
3,75,1.5,1.849999999999997,9.3330001859999977e-05,9.3330001654212035e-05,-2.0578794202551209e-13,1.9333000185999997e-10,0,1
3,76,1.5,1.8749999999999969,9.3375001884999894e-05,9.3375001656293219e-05,-2.2870667490924868e-13,1.9337500188499988e-10,0,1
3,77,1.5,1.899999999999997,9.3420001909999919e-05,9.3420001658374416e-05,-2.5162550266067535e-13,1.9342000190999994e-10,0,1
3,78,1.5,1.9249999999999969,9.3465001934999944e-05,9.3465001660455601e-05,-2.7454434396462918e-13,1.9346500193499994e-10,0,1
3,79,1.5,1.9499999999999971,9.351000195999997e-05,9.3510001662536798e-05,-2.9746317171605585e-13,1.9351000195999995e-10,0,1
3,80,1.5,1.974999999999997,9.3555001984999887e-05,9.3555001664618009e-05,-3.2038187749473812e-13,1.9355500198499991e-10,0,1
3,81,1.5,1.9999999999999969,9.3600002009999912e-05,9.3600001666699207e-05,-3.4330070524616479e-13,1.9360000200999991e-10,0,1
3,82,1.5,2.0249999999999968,9.3645002034999938e-05,9.3645001668780391e-05,-3.6621954655011862e-13,1.9364500203499992e-10,0,1
3,83,1.5,2.0499999999999972,9.3690002059999963e-05,9.3690001670861589e-05,-3.891383743015453e-13,1.9369000205999998e-10,0,1
3,84,1.5,2.0749999999999971,9.373500208499988e-05,9.3735001672942773e-05,-4.1205710718528188e-13,1.9373500208499988e-10,0,1
3,85,1.5,2.099999999999997,9.3780002109999905e-05,9.3780001675023984e-05,-4.349759213841814e-13,1.9378000210999989e-10,0,1
3,86,1.5,2.124999999999996,9.3825002134999931e-05,9.3825001677105182e-05,-4.5789474913560807e-13,1.9382500213499995e-10,0,1
3,87,1.5,2.1499999999999959,9.3870002159999956e-05,9.3870001679186379e-05,-4.8081357688703474e-13,1.9387000215999996e-10,0,1
3,88,1.5,2.1749999999999958,9.3915002184999982e-05,9.3915001681267563e-05,-5.0373241819098857e-13,1.9391500218499996e-10,0,1
3,89,1.5,2.1999999999999962,9.3960002209999898e-05,9.3960001683348761e-05,-5.26651137522198e-13,1.9396000220999989e-10,0,1
3,90,1.5,2.2249999999999961,9.4005002234999924e-05,9.4005001685429972e-05,-5.4956995172109752e-13,1.9400500223499993e-10,0,1
3,91,1.5,2.249999999999996,9.4050002259999949e-05,9.405000168751117e-05,-5.7248877947252419e-13,1.9405000225999993e-10,0,1
3,92,1.5,2.2749999999999959,9.4095002284999975e-05,9.4095001689592354e-05,-5.9540762077647802e-13,1.9409500228499999e-10,0,1
3,93,1.5,2.2999999999999958,9.4140002309999892e-05,9.4140001691673552e-05,-6.1832634010768744e-13,1.941400023099999e-10,0,1
3,94,1.5,2.3249999999999962,9.4185002334999917e-05,9.4185001693754736e-05,-6.4124518141164127e-13,1.941850023349999e-10,0,1
3,95,1.5,2.3499999999999961,9.4230002359999942e-05,9.4230001695835947e-05,-6.6416399561054079e-13,1.9423000235999994e-10,0,1
3,96,1.5,2.374999999999996,9.4275002384999968e-05,9.4275001697917144e-05,-6.8708282336196747e-13,1.9427500238499997e-10,0,1
3,97,1.5,2.399999999999995,9.4320002409999885e-05,9.4320001699998342e-05,-7.1000154269317689e-13,1.9432000240999987e-10,0,1
3,98,1.5,2.4249999999999949,9.436500243499991e-05,9.4365001702079526e-05,-7.3292038399713072e-13,1.9436500243499991e-10,0,1
3,99,1.5,2.4499999999999948,9.4410002459999936e-05,9.4410001704160724e-05,-7.5583921174855739e-13,1.9441000245999994e-10,0,1
3,100,1.5,2.4749999999999952,9.4455002484999961e-05,9.4455001706241908e-05,-7.7875805305251122e-13,1.9445500248499995e-10,0,1
3,101,1.5,2.4999999999999951,9.4500002509999878e-05,9.4500001708323119e-05,-8.0167675883119349e-13,1.9450000250999988e-10,0,1
3,102,1.5,2.524999999999995,9.4545002534999903e-05,9.4545001710404317e-05,-8.2459558658262017e-13,1.9454500253499991e-10,0,1
3,103,1.5,2.5499999999999949,9.4590002559999929e-05,9.4590001712485514e-05,-8.4751441433404684e-13,1.9459000255999992e-10,0,1
3,104,1.5,2.5749999999999948,9.4635002584999954e-05,9.4635001714566698e-05,-8.7043325563800067e-13,1.9463500258499995e-10,0,1
3,105,1.5,2.5999999999999952,9.4680002609999979e-05,9.4680001716647896e-05,-8.9335208338942734e-13,1.9468000260999998e-10,0,1
3,106,1.5,2.6249999999999951,9.4725002634999896e-05,9.4725001718729107e-05,-9.1627078916810961e-13,1.9472500263499989e-10,0,1
3,107,1.5,2.649999999999995,9.4770002659999922e-05,9.4770001720810291e-05,-9.3918963047206344e-13,1.9477000265999992e-10,0,1
3,108,1.5,2.674999999999994,9.4815002684999947e-05,9.4815001722891489e-05,-9.6210845822349012e-13,1.9481500268499995e-10,0,1
3,109,1.5,2.699999999999994,9.4860002709999973e-05,9.4860001724972687e-05,-9.8502728597491679e-13,1.9486000270999996e-10,0,1
3,110,1.5,2.7249999999999939,9.490500273499989e-05,9.4905001727053871e-05,-1.0079460188586534e-12,1.9490500273499989e-10,0,1
3,111,1.5,2.7499999999999938,9.4950002759999915e-05,9.4950001729135082e-05,-1.0308648330575529e-12,1.9495000275999992e-10,0,1
3,112,1.5,2.7749999999999941,9.499500278499994e-05,9.499500173121628e-05,-1.0537836608089796e-12,1.9499500278499993e-10,0,1
3,113,1.5,2.799999999999994,9.5040002809999966e-05,9.5040001733297464e-05,-1.0767025021129334e-12,1.9504000280999996e-10,0,1
3,114,1.5,2.824999999999994,9.5085002834999883e-05,9.5085001735378661e-05,-1.0996212214441428e-12,1.9508500283499989e-10,0,1
3,115,1.5,2.8499999999999939,9.5130002859999908e-05,9.5130001737459859e-05,-1.1225400491955695e-12,1.951300028599999e-10,0,1
3,116,1.5,2.8749999999999938,9.5175002884999933e-05,9.517500173954107e-05,-1.145458863394469e-12,1.9517500288499993e-10,0,1
3,117,1.5,2.8999999999999941,9.5220002909999959e-05,9.5220001741622254e-05,-1.1683777046984228e-12,1.9522000290999996e-10,0,1
3,118,1.5,2.924999999999994,9.5265002934999876e-05,9.5265001743703452e-05,-1.1912964240296323e-12,1.9526500293499987e-10,0,1
3,119,1.5,2.949999999999994,9.5310002959999901e-05,9.5310001745784636e-05,-1.2142152653335861e-12,1.953100029599999e-10,0,1
3,120,1.5,2.974999999999993,9.5355002984999927e-05,9.5355001747865833e-05,-1.2371340930850128e-12,1.9535500298499993e-10,0,1
3,121,1.5,2.9999999999999929,9.5400003009999952e-05,9.5400001749947045e-05,-1.2600529072839123e-12,1.9540000300999994e-10,0,0
4,1,2,0,-0,0,0,1e-10,0,1
4,2,2,0.025000000000000001,3.9394687531196101e-05,3.9394687464295115e-05,-6.6900986432551907e-14,1.393946875311961e-10,0,1
4,3,2,0.050000000000000003,7.757750005855303e-05,7.7577499936012963e-05,-1.2254006674389945e-13,1.7757750005855301e-10,0,1
4,4,2,0.075000000000000011,0.0001145465625844496,0.00011454656241510759,-1.693420116589614e-13,2.145465625844496e-10,0,1
4,5,2,0.10000000000000001,0.00015030000011,0.00015029999990153297,-2.0846703269877809e-13,2.5030000010999998e-10,0,1
4,6,2,0.125,0.000184835937635,0.00018483593739524316,-2.3975683634616662e-13,2.8483593763499998e-10,0,1
4,7,2,0.14999999999999999,0.00021815250015999989,0.0002181524998961922,-2.6380769313841257e-13,3.1815250015999989e-10,0,1
4,8,2,0.17499999999999999,0.00025024781268500002,0.00025024781240433406,-2.8066595271838968e-13,3.5024781268500001e-10,0,1
4,9,2,0.20000000000000001,0.00028112000020999998,0.00028111999991962283,-2.9037715157734234e-13,3.8112000020999998e-10,0,1
4,10,2,0.22500000000000001,0.00031076718773500001,0.00031076718744201258,-2.9298742251770982e-13,4.10767187735e-10,0,1
4,11,2,0.25,0.00033918750025999978,0.00033918749997145716,-2.8854262729138824e-13,4.3918750025999976e-10,0,1
4,12,2,0.27500000000000002,0.00036637906278499992,0.00036637906250791075,-2.7708916975136e-13,4.6637906278499992e-10,0,1
4,13,2,0.29999999999999999,0.00039234000030999978,0.00039234000005132724,-2.5867253217876085e-13,4.9234000030999977e-10,0,1
4,14,2,0.32500000000000001,0.00041706843783499979,0.00041706843760166089,-2.3333890158613868e-13,5.1706843783499974e-10,0,1
4,15,2,0.34999999999999998,0.00044056250035999988,0.00044056250015886542,-2.0113446498604137e-13,5.4056250035999987e-10,0,1
4,16,2,0.37500000000000011,0.0004628203128850001,0.00046282031272289512,-1.6210497571014781e-13,5.6282031288500007e-10,0,1
4,17,2,0.40000000000000008,0.00048384000040999992,0.00048384000029370389,-1.1629602445981102e-13,5.8384000040999985e-10,0,1
4,18,2,0.4250000000000001,0.00050361968793500005,0.00050361968787124571,-6.3754340348665117e-14,6.0361968793499995e-10,0,1
4,19,2,0.45000000000000012,0.00052215750045999992,0.00052215750045547479,-4.5251346073027499e-15,6.2215750045999987e-10,0,1
4,20,2,0.47500000000000009,0.0005394515629849998,0.00053945156304634483,6.1345026280967829e-14,6.3945156298499976e-10,0,1
4,21,2,0.50000000000000011,0.00055550000051000003,0.0005555000006438102,1.3381017214403323e-13,6.5550000050999992e-10,0,1
4,22,2,0.52500000000000013,0.00057030093803499987,0.00057030093824782463,2.1282476649064908e-13,6.7030093803499978e-10,0,1
4,23,2,0.55000000000000016,0.00058385250055999986,0.00058385250085834248,2.9834262230826747e-13,6.8385250055999977e-10,0,1
4,24,2,0.57500000000000018,0.00059615281308499947,0.00059615281347531767,3.9031820310564402e-13,6.9615281308499938e-10,0,1
4,25,2,0.6000000000000002,0.00060720000060999991,0.00060720000109870382,4.8870391240740663e-13,7.0720000060999989e-10,0,1
4,26,2,0.62500000000000022,0.00061699218813499957,0.00061699218872845552,5.9345594844578686e-13,7.1699218813499946e-10,0,1
4,27,2,0.65000000000000024,0.00062552750065999986,0.00062552750136452635,7.0452649790497812e-13,7.2552750065999976e-10,0,1
4,28,2,0.67500000000000027,0.0006328040631849996,0.00063280406400687071,8.218711084959085e-13,7.3280406318499958e-10,0,1
4,29,2,0.70000000000000029,0.00063882000070999935,0.0006388200016554424,9.4544305110494387e-13,7.3882000070999925e-10,0,1
4,30,2,0.72500000000000031,0.00064357343823499965,0.00064357343931019547,1.0751958134588846e-12,7.4357343823499961e-10,0,1
4,31,2,0.75000000000000033,0.00064706250075999977,0.00064706250197108406,1.2110842927473553e-12,7.4706250075999966e-10,0,1
4,32,2,0.77500000000000036,0.00064928531328499938,0.00064928531463806201,1.3530626272184598e-12,7.4928531328499932e-10,0,1
4,33,2,0.80000000000000038,0.00065024000080999992,0.00065024000231108357,1.5010836540776951e-12,7.5024000080999985e-10,0,1
4,34,2,0.8250000000000004,0.00065056000083499972,0.00065056000232153739,1.4865376724709778e-12,7.5056000083499968e-10,0,1
4,35,2,0.85000000000000042,0.00065088000085999995,0.00065088000233199121,1.4719912571833915e-12,7.5088000085999993e-10,0,1
4,36,2,0.87500000000000044,0.00065120000088499932,0.00065120000234244503,1.4574457092575432e-12,7.5120000088499925e-10,0,1
4,37,2,0.90000000000000047,0.00065152000090999912,0.00065152000235289885,1.442899727650826e-12,7.5152000090999908e-10,0,1
4,38,2,0.92500000000000049,0.00065184000093499979,0.00065184000236335267,1.4283528786823707e-12,7.5184000093499974e-10,0,1
4,39,2,0.95000000000000051,0.00065216000095999916,0.0006521600023738066,1.4138074391767397e-12,7.5216000095999906e-10,0,1
4,40,2,0.97500000000000053,0.0006524800009849994,0.00065248000238426042,1.3992610238891534e-12,7.524800009849993e-10,0,1
4,41,2,1,0.00065280000100999963,0.00065280000239471424,1.3847146086015671e-12,7.5280000100999955e-10,0,1
4,42,2,1.0249999999999999,0.00065312000103499987,0.00065312000240516806,1.3701681933139809e-12,7.531200010349998e-10,0,1
4,43,2,1.05,0.00065344000105999923,0.00065344000241562188,1.3556226453881326e-12,7.5344000105999921e-10,0,1
4,44,2,1.075,0.00065376000108499947,0.00065376000242607581,1.3410763385207636e-12,7.5376000108499936e-10,0,1
4,45,2,1.1000000000000001,0.0006540800011099997,0.00065408000243652963,1.3265299232331773e-12,7.540800011099996e-10,0,1
4,46,2,1.125,0.00065440000113499994,0.00065440000244698345,1.311983507945591e-12,7.5440000113499985e-10,0,1
4,47,2,1.1499999999999999,0.00065472000115999931,0.00065472000245743727,1.2974379600197428e-12,7.5472000115999927e-10,0,1
4,48,2,1.175,0.00065504000118499911,0.00065504000246789109,1.2828919784130255e-12,7.55040001184999e-10,0,1
4,49,2,1.2,0.00065536000120999978,0.00065536000247834502,1.2683452378647875e-12,7.5536000120999976e-10,0,1
4,50,2,1.2250000000000001,0.00065568000123499958,0.00065568000248879884,1.2537992562580702e-12,7.5568000123499949e-10,0,1
4,51,2,1.25,0.00065600000125999938,0.00065600000249925266,1.2392532746513529e-12,7.5600000125999933e-10,0,1
4,52,2,1.274999999999999,0.00065632000128499962,0.00065632000250970648,1.2247068593637667e-12,7.5632000128499957e-10,0,1
4,53,2,1.2999999999999989,0.00065664000130999985,0.0006566400025201603,1.2101604440761804e-12,7.5664000130999982e-10,0,1
4,54,2,1.3249999999999991,0.00065696000133499965,0.00065696000253061423,1.1956145708896804e-12,7.5696000133499955e-10,0,1
4,55,2,1.349999999999999,0.00065728000135999946,0.00065728000254106805,1.1810685892829631e-12,7.5728000135999938e-10,0,1
4,56,2,1.3749999999999989,0.00065760000138499969,0.00065760000255152187,1.1665221739953768e-12,7.5760000138499963e-10,0,1
4,57,2,1.399999999999999,0.00065792000140999993,0.00065792000256197569,1.1519757587077906e-12,7.5792000140999988e-10,0,1
4,58,2,1.4249999999999989,0.00065824000143499973,0.00065824000257242951,1.1374297771010733e-12,7.5824000143499971e-10,0,1
4,59,2,1.4499999999999991,0.0006585600014599991,0.00065856000258288343,1.1228843375954423e-12,7.5856000145999903e-10,0,1
4,60,2,1.474999999999999,0.00065888000148499977,0.00065888000259333725,1.108337488626987e-12,7.5888000148499969e-10,0,1
4,61,2,1.4999999999999989,0.00065920000150999957,0.00065920000260379107,1.0937915070202697e-12,7.5920000150999952e-10,0,1
4,62,2,1.524999999999999,0.0006595200015349998,0.00065952000261424489,1.0792450917326835e-12,7.5952000153499977e-10,0,1
4,63,2,1.549999999999998,0.00065984000155999917,0.00065984000262469871,1.0646995438068352e-12,7.5984000155999908e-10,0,1
4,64,2,1.574999999999998,0.00066016000158499984,0.00066016000263515264,1.0501528032585972e-12,7.6016000158499974e-10,0,1
4,65,2,1.5999999999999981,0.00066048000160999921,0.00066048000264560646,1.0356072553327489e-12,7.6048000160999916e-10,0,1
4,66,2,1.624999999999998,0.00066080000163499988,0.00066080000265606028,1.0210604063642936e-12,7.6080000163499982e-10,0,1
4,67,2,1.6499999999999979,0.00066112000165999925,0.0006611200026665141,1.0065148584384453e-12,7.6112000165999914e-10,0,1
4,68,2,1.674999999999998,0.00066144000168499948,0.00066144000267696792,9.9196844315085908e-13,7.6144000168499938e-10,0,1
4,69,2,1.699999999999998,0.00066176000170999928,0.00066176000268742185,9.7742256996435906e-13,7.6176000170999922e-10,0,1
4,70,2,1.7249999999999981,0.00066208000173499908,0.00066208000269787567,9.6287658835764178e-13,7.6208000173499905e-10,0,1
4,71,2,1.749999999999998,0.00066240000175999932,0.00066240000270832949,9.4833017307005552e-13,7.624000017599993e-10,0,1
4,72,2,1.7749999999999979,0.00066272000178499912,0.00066272000271878331,9.3378419146333824e-13,7.6272000178499903e-10,0,1
4,73,2,1.799999999999998,0.00066304000180999979,0.00066304000272923702,9.1923723407466573e-13,7.6304000180999969e-10,0,1
4,74,2,1.824999999999998,0.00066336000183499916,0.00066336000273969106,9.0469190298925195e-13,7.6336000183499911e-10,0,1
4,75,2,1.849999999999997,0.00066368000185999983,0.00066368000275014488,8.9014505402079669e-13,7.6368000185999977e-10,0,1
4,76,2,1.8749999999999969,0.00066400000188499963,0.0006640000027605987,8.7559907241407942e-13,7.640000018849996e-10,0,1
4,77,2,1.899999999999997,0.00066432000190999943,0.00066432000277105241,8.6105298238714489e-13,7.6432000190999933e-10,0,1
4,78,2,1.9249999999999969,0.00066464000193499967,0.00066464000278150623,8.4650656709955863e-13,7.6464000193499958e-10,0,1
4,79,2,1.9499999999999971,0.00066496000195999947,0.00066496000279196005,8.3196058549284135e-13,7.6496000195999941e-10,0,1
4,80,2,1.974999999999997,0.0006652800019849997,0.00066528000280241409,8.1741438704568958e-13,7.6528000198499966e-10,0,1
4,81,2,1.9999999999999969,0.00066560000200999907,0.0006656000028128678,8.0286873069962406e-13,7.6560000200999897e-10,0,1
4,82,2,2.0249999999999968,0.00066592000203499974,0.00066592000282332162,7.8832188173116879e-13,7.6592000203499963e-10,0,1
4,83,2,2.0499999999999972,0.00066624000205999911,0.00066624000283377544,7.7377633380532052e-13,7.6624000205999905e-10,0,1
4,84,2,2.0749999999999971,0.00066656000208499978,0.00066656000284422926,7.5922948483686525e-13,7.6656000208499971e-10,0,1
4,85,2,2.099999999999997,0.00066688000210999914,0.00066688000285468319,7.4468404533123422e-13,7.6688000210999913e-10,0,1
4,86,2,2.124999999999996,0.00066720000213499938,0.00066720000286513701,7.3013763004364796e-13,7.6720000213499927e-10,0,1
4,87,2,2.1499999999999959,0.00066752000215999918,0.00066752000287559083,7.1559164843693068e-13,7.6752000215999911e-10,0,1
4,88,2,2.1749999999999958,0.00066784000218499942,0.00066784000288604465,7.0104523314934442e-13,7.6784000218499935e-10,0,1
4,89,2,2.1999999999999962,0.00066816000220999965,0.00066816000289649847,6.8649881786175815e-13,7.681600022099996e-10,0,1
4,90,2,2.2249999999999961,0.00066848000223499945,0.0006684800029069524,6.7195294467525812e-13,7.6848000223499943e-10,0,1
4,91,2,2.249999999999996,0.00066880000225999969,0.00066880000291740622,6.5740652938767186e-13,7.6880000225999958e-10,0,1
4,92,2,2.2749999999999959,0.00066912000228499949,0.00066912000292786004,6.4286054778095458e-13,7.6912000228499941e-10,0,1
4,93,2,2.2999999999999958,0.00066944000230999929,0.00066944000293831386,6.2831456617423731e-13,7.6944000230999924e-10,0,1
4,94,2,2.3249999999999962,0.00066976000233499909,0.00066976000294876768,6.1376858456752004e-13,7.6976000233499908e-10,0,1
4,95,2,2.3499999999999961,0.00067008000235999933,0.00067008000295922161,5.9922227770015102e-13,7.7008000235999922e-10,0,1
4,96,2,2.374999999999996,0.00067040000238499957,0.00067040000296967543,5.8467586241256475e-13,7.7040000238499947e-10,0,1
4,97,2,2.399999999999995,0.00067072000240999937,0.00067072000298012925,5.7012988080584748e-13,7.707200024099993e-10,0,1
4,98,2,2.4249999999999949,0.00067104000243499917,0.00067104000299058307,5.555838991991302e-13,7.7104000243499913e-10,0,1
4,99,2,2.4499999999999948,0.00067136000245999984,0.00067136000300103689,5.4103705023067494e-13,7.7136000245999979e-10,0,1
4,100,2,2.4749999999999952,0.00067168000248499964,0.00067168000301149071,5.2649106862395767e-13,7.7168000248499963e-10,0,1
4,101,2,2.4999999999999951,0.00067200000250999944,0.00067200000302194464,5.1194519543745765e-13,7.7200000250999935e-10,0,1
4,102,2,2.524999999999995,0.00067232000253499924,0.00067232000303239846,4.9739921383074037e-13,7.7232000253499919e-10,0,1
4,103,2,2.5499999999999949,0.00067264000255999948,0.00067264000304285228,4.828527985431541e-13,7.7264000255999943e-10,0,1
4,104,2,2.5749999999999948,0.00067296000258499928,0.0006729600030533061,4.6830681693643683e-13,7.7296000258499916e-10,0,1
4,105,2,2.5999999999999952,0.00067328000260999908,0.00067328000306375992,4.5376083532971956e-13,7.73280002609999e-10,0,1
4,106,2,2.6249999999999951,0.00067360000263499932,0.00067360000307421385,4.3921452846235054e-13,7.7360000263499924e-10,0,1
4,107,2,2.649999999999995,0.00067392000265999955,0.00067392000308466767,4.2466811317476427e-13,7.7392000265999949e-10,0,1
4,108,2,2.674999999999994,0.00067424000268499935,0.00067424000309512149,4.10122131568047e-13,7.7424000268499932e-10,0,1
4,109,2,2.699999999999994,0.00067456000270999916,0.00067456000310557531,3.9557614996132973e-13,7.7456000270999905e-10,0,1
4,110,2,2.7249999999999939,0.00067488000273499982,0.00067488000311602913,3.8102930099287446e-13,7.7488000273499971e-10,0,1
4,111,2,2.7499999999999938,0.00067520000275999963,0.00067520000312648305,3.6648342780637444e-13,7.7520000275999955e-10,0,1
4,112,2,2.7749999999999941,0.00067552000278499986,0.00067552000313693687,3.5193701251878817e-13,7.7552000278499979e-10,0,1
4,113,2,2.799999999999994,0.00067584000280999923,0.00067584000314739069,3.3739146459293989e-13,7.7584000280999921e-10,0,1
4,114,2,2.824999999999994,0.00067616000283499946,0.00067616000315784451,3.2284504930535363e-13,7.7616000283499936e-10,0,1
4,115,2,2.8499999999999939,0.00067648000285999927,0.00067648000316829833,3.0829906769863635e-13,7.7648000285999919e-10,0,1
4,116,2,2.8749999999999938,0.0006768000028849995,0.00067680000317875226,2.9375276083126733e-13,7.7680000288499944e-10,0,1
4,117,2,2.8999999999999941,0.0006771200029099993,0.00067712000318920608,2.7920677922455006e-13,7.7712000290999927e-10,0,1
4,118,2,2.924999999999994,0.00067744000293499954,0.0006774400031996599,2.6466036393696379e-13,7.7744000293499952e-10,0,1
4,119,2,2.949999999999994,0.00067776000295999934,0.00067776000321011372,2.5011438233024652e-13,7.7776000295999924e-10,0,1
4,120,2,2.974999999999993,0.00067808000298499958,0.00067808000322056743,2.35567858622443e-13,7.7808000298499949e-10,0,1
4,121,2,2.9999999999999929,0.00067840000300999938,0.00067840000323102147,2.2102209385616023e-13,7.7840000300999932e-10,2,0
5,1,2.5,0,-0,0,0,1e-10,0,1
5,2,2.5,0.025000000000000001,6.4407187531196106e-05,6.4407187338102762e-05,-1.9309334404853107e-13,1.6440718753119612e-10,0,1
5,3,2.5,0.050000000000000003,0.000127627500058553,0.00012762749968424123,-3.7431177406753446e-13,2.2762750005855301e-10,0,1
5,4,2.5,0.075000000000000011,0.00018965906258444959,0.00018965906203836951,-5.4608008111071971e-13,2.8965906258444958e-10,0,1
5,5,2.5,0.10000000000000001,0.00025050000011000003,0.00025049999940044153,-7.0955849702791784e-13,3.5050000011000001e-10,0,1
5,6,2.5,0.125,0.00031014843763499991,0.00031014843677041129,-8.6458861988172875e-13,4.101484376349999e-10,0,1
5,7,2.5,0.14999999999999999,0.00036860250015999989,0.00036860249914823288,-1.0117670048125083e-12,4.6860250015999988e-10,0,1
5,8,2.5,0.17499999999999999,0.00042586031268499998,0.00042586031153386041,-1.1511395677822611e-12,5.2586031268499996e-10,0,1
5,9,2.5,0.20000000000000001,0.00048192000020999998,0.00048191999892724792,-1.2827520621226662e-12,5.8192000020999995e-10,0,1
5,10,2.5,0.22500000000000001,0.00053677968773499995,0.00053677968632834911,-1.4066508374765974e-12,6.3677968773499989e-10,0,1
5,11,2.5,0.25,0.00059043750025999974,0.00059043749873711831,-1.5228814303352989e-12,6.9043750025999969e-10,0,1
5,12,2.5,0.27500000000000002,0.00064289156278499974,0.00064289156115350944,-1.6314902987618618e-12,7.4289156278499969e-10,0,1
5,13,2.5,0.29999999999999999,0.00069414000030999996,0.00069413999857747654,-1.7325234129283995e-12,7.941400003099999e-10,0,1
5,14,2.5,0.32500000000000001,0.00074418093783499997,0.00074418093600897399,-1.8260259840655046e-12,8.4418093783499994e-10,0,1
5,15,2.5,0.34999999999999998,0.00079301250035999969,0.00079301249844795506,-1.9120446328665941e-12,8.9301250035999962e-10,0,1
5,16,2.5,0.37500000000000011,0.00084063281288500021,0.00084063281089437445,-1.9906257631846502e-12,9.4063281288500021e-10,0,1
5,17,2.5,0.40000000000000008,0.00088704000041000012,0.00088703999834818575,-2.0618143694098312e-12,9.8704000041000007e-10,0,1
5,18,2.5,0.4250000000000001,0.00093223218793499988,0.00093223218580934313,-2.1256567469749021e-12,1.0322321879349999e-09,0,1
5,19,2.5,0.45000000000000012,0.0009762075004599996,0.00097620749827780084,-2.1821987576317592e-12,1.0762075004599997e-09,0,1
5,20,2.5,0.47500000000000009,0.0010189640629850001,0.0010189640607535123,-2.23148778101534e-12,1.1189640629850001e-09,0,1
5,21,2.5,0.50000000000000011,0.0010605000005100001,0.0010604999982364324,-2.2735676188934129e-12,1.1605000005100001e-09,0,1
5,22,2.5,0.52500000000000013,0.0011008134380349999,0.0011008134357265147,-2.3084852172200465e-12,1.2008134380349999e-09,0,1
5,23,2.5,0.55000000000000016,0.0011399025005600001,0.0011399024982237126,-2.3362874135290923e-12,1.23990250056e-09,0,1
5,24,2.5,0.57500000000000018,0.0011777653130850001,0.0011777653107279816,-2.3570184432691876e-12,1.2777653130850001e-09,0,1
5,25,2.5,0.6000000000000002,0.0012144000006099999,0.0012143999982392746,-2.3707253608146184e-12,1.3144000006099999e-09,0,1
5,26,2.5,0.62500000000000022,0.0012498046881349999,0.0012498046857575458,-2.3774541363374979e-12,1.349804688135e-09,0,1
5,27,2.5,0.65000000000000024,0.00128397750066,0.0012839774982827494,-2.3772505231695051e-12,1.38397750066e-09,0,1
5,28,2.5,0.67500000000000027,0.0013169165631849999,0.0013169165608148392,-2.3701607083231879e-12,1.4169165631849999e-09,0,1
5,29,2.5,0.70000000000000029,0.00134862000071,0.0013486199983537698,-2.3562302282897907e-12,1.44862000071e-09,0,1
5,30,2.5,0.72500000000000031,0.0013790859382350001,0.0013790859358994941,-2.3355059206031648e-12,1.4790859382350001e-09,0,1
5,31,2.5,0.75000000000000033,0.00140831250076,0.0014083124984519671,-2.3080328880736856e-12,1.50831250076e-09,0,1
5,32,2.5,0.77500000000000036,0.0014362978132849999,0.001436297811011143,-2.273856884033032e-12,1.5362978132849999e-09,0,1
5,33,2.5,0.80000000000000038,0.0014630400008099999,0.001463039998576975,-2.2330249628554899e-12,1.5630400008099999e-09,0,1
5,34,2.5,0.8250000000000004,0.001488537188335,0.0014885371861494178,-2.1855822273514347e-12,1.5885371883350001e-09,0,1
5,35,2.5,0.85000000000000042,0.00151278750086,0.0015127874987284251,-2.1315748645334143e-12,1.61278750086e-09,0,1
5,36,2.5,0.87500000000000044,0.001535789063385,0.0015357890613139503,-2.07104971193528e-12,1.635789063385e-09,0,1
5,37,2.5,0.90000000000000047,0.00155754000091,0.0015575399989059483,-2.0040516555269727e-12,1.6575400009100001e-09,0,1
5,38,2.5,0.92500000000000049,0.001578038438435,0.0015780384365043736,-1.9306264486401714e-12,1.6780384384349999e-09,0,1
5,39,2.5,0.95000000000000051,0.001597282500959999,0.0015972824991091789,-1.8508200614469894e-12,1.6972825009599989e-09,0,1
5,40,2.5,0.97500000000000053,0.0016152703134849999,0.0016152703117203195,-1.7646804156834506e-12,1.715270313485e-09,0,1
5,41,2.5,1,0.00163200000101,0.0016319999993377476,-1.6722523973194958e-12,1.73200000101e-09,0,1
5,42,2.5,1.0249999999999999,0.0016474696885349989,0.0016474696869614191,-1.5735798081228936e-12,1.7474696885349989e-09,0,1
5,43,2.5,1.05,0.00166167750106,0.0016616774995912875,-1.4687125213935781e-12,1.76167750106e-09,0,1
5,44,2.5,1.075,0.001674621563584999,0.0016746215622273069,-1.3576921704949729e-12,1.7746215635849991e-09,0,1
5,45,2.5,1.1000000000000001,0.0016863000011100001,0.0016862999998694308,-1.2405692792483158e-12,1.78630000111e-09,0,1
5,46,2.5,1.125,0.0016967109386349991,0.0016967109375176132,-1.1173859146978993e-12,1.7967109386349991e-09,0,1
5,47,2.5,1.1499999999999999,0.0017058525011600001,0.0017058525001718084,-9.8819173330322307e-13,1.8058525011600001e-09,0,1
5,48,2.5,1.175,0.001713722813685,0.001713722812831971,-8.5302901894901417e-13,1.813722813685e-09,0,1
5,49,2.5,1.2,0.00172032000121,0.0017203200004980541,-7.1194591021173093e-13,1.82032000121e-09,0,1
5,50,2.5,1.2250000000000001,0.0017256421887349991,0.0017256421881700122,-5.6498685938044524e-13,1.825642188734999e-09,0,1
5,51,2.5,1.25,0.0017296875012599989,0.0017296875008477994,-4.1219957135074647e-13,1.8296875012599989e-09,0,1
5,52,2.5,1.274999999999999,0.001732454063784999,0.0017324540635313694,-2.5362958261387902e-13,1.8324540637849991e-09,0,1
5,53,2.5,1.2999999999999989,0.001733940001309999,0.0017339400012206766,-8.9322429661087277e-14,1.8339400013099989e-09,0,1
5,54,2.5,1.3249999999999991,0.0017347850013349989,0.0017347850012456333,-8.93655809075522e-14,1.8347850013349989e-09,0,1
5,55,2.5,1.349999999999999,0.0017356300013599991,0.0017356300012705897,-8.9409382675320614e-14,1.8356300013599991e-09,0,1
5,56,2.5,1.3749999999999989,0.001736475001384999,0.001736475001295546,-8.9452967602654532e-14,1.8364750013849991e-09,0,1
5,57,2.5,1.399999999999999,0.001737320001409999,0.0017373200013205024,-8.9496552529988449e-14,1.8373200014099989e-09,0,1
5,58,2.5,1.4249999999999989,0.001738165001435,0.001738165001345459,-8.9541004819060355e-14,1.8381650014349999e-09,0,1
5,59,2.5,1.4499999999999991,0.0017390100014599999,0.0017390100013704155,-8.9584372905959775e-14,1.8390100014599999e-09,0,1
5,60,2.5,1.474999999999999,0.0017398550014850001,0.0017398550013953721,-8.9627957833293692e-14,1.8398550014850001e-09,0,1
5,61,2.5,1.4999999999999989,0.0017407000015099989,0.0017407000014203285,-8.9670458558455124e-14,1.8407000015099988e-09,0,1
5,62,2.5,1.524999999999999,0.0017415450015349991,0.0017415450014452848,-8.9714260326223538e-14,1.841545001534999e-09,0,1
5,63,2.5,1.549999999999998,0.001742390001559999,0.0017423900014702412,-8.9757845253557456e-14,1.842390001559999e-09,0,1
5,64,2.5,1.574999999999998,0.001743235001585,0.0017432350014951979,-8.9802080702194864e-14,1.8432350015850001e-09,0,1
5,65,2.5,1.5999999999999981,0.00174408000161,0.0017440800015201543,-8.9845665629528781e-14,1.8440800016100001e-09,1,0
5,66,2.5,1.624999999999998,0.001744925001634999,0.0017449250015451106,-8.988838319512471e-14,1.844925001634999e-09,1,0
5,67,2.5,1.6499999999999979,0.001745770001659999,0.0017457700015700672,-8.993175128202413e-14,1.845770001659999e-09,1,0
5,68,2.5,1.674999999999998,0.0017466150016849989,0.0017466150015950236,-8.9975336209358048e-14,1.8466150016849988e-09,1,0
5,69,2.5,1.699999999999998,0.0017474600017099991,0.0017474600016199804,-9.0018704296257468e-14,1.847460001709999e-09,1,0
5,70,2.5,1.7249999999999981,0.0017483050017350001,0.0017483050016449367,-9.0063373425763871e-14,1.848305001735e-09,1,0
5,71,2.5,1.749999999999998,0.00174915000176,0.0017491500016698931,-9.0106958353097788e-14,1.84915000176e-09,1,0
5,72,2.5,1.7749999999999979,0.0017499950017849991,0.0017499950016948494,-9.0149675918693717e-14,1.849995001784999e-09,1,0
5,73,2.5,1.799999999999998,0.001750840001809999,0.0017508400017198058,-9.0193260846027634e-14,1.850840001809999e-09,1,0
5,74,2.5,1.824999999999998,0.001751685001834999,0.0017516850017447625,-9.0236412092492557e-14,1.851685001834999e-09,1,0
5,75,2.5,1.849999999999997,0.00175253000186,0.0017525300017697189,-9.028108122199896e-14,1.85253000186e-09,1,0
5,76,2.5,1.8749999999999969,0.0017533750018849999,0.0017533750017946755,-9.032444930889838e-14,1.853375001885e-09,1,0
5,77,2.5,1.899999999999997,0.001754220001909999,0.0017542200018196318,-9.0367166874494309e-14,1.8542200019099989e-09,1,0
5,78,2.5,1.9249999999999969,0.0017550650019349989,0.0017550650018445882,-9.0410751801828226e-14,1.8550650019349989e-09,1,0
5,79,2.5,1.9499999999999971,0.0017559100019599991,0.0017559100018695445,-9.0454553569596641e-14,1.8559100019599991e-09,1,0
5,80,2.5,1.974999999999997,0.001756755001984999,0.0017567550018945013,-9.0497704816061564e-14,1.8567550019849989e-09,1,0
5,81,2.5,1.9999999999999969,0.00175760000201,0.0017576000019194577,-9.0542373945567967e-14,1.85760000201e-09,1,0
5,82,2.5,2.0249999999999968,0.001758445002035,0.001758445001944414,-9.0585958872901884e-14,1.858445002035e-09,1,0
5,83,2.5,2.0499999999999972,0.001759290002059999,0.0017592900019693704,-9.0628676438497813e-14,1.8592900020599991e-09,1,0
5,84,2.5,2.0749999999999971,0.001760135002084999,0.0017601350019943269,-9.0672044525397233e-14,1.8601350020849989e-09,1,0
5,85,2.5,2.099999999999997,0.0017609800021099989,0.0017609800020192835,-9.0715412612296653e-14,1.8609800021099989e-09,1,0
5,86,2.5,2.124999999999996,0.0017618250021349991,0.0017618250020442401,-9.075899753963057e-14,1.8618250021349991e-09,1,0
5,87,2.5,2.1499999999999959,0.0017626700021600001,0.0017626700020691964,-9.0803666669136973e-14,1.8626700021599999e-09,1,0
5,88,2.5,2.1749999999999958,0.0017635150021849989,0.0017635150020941528,-9.0846167394298405e-14,1.8635150021849987e-09,1,0
5,89,2.5,2.1999999999999962,0.0017643600022099991,0.0017643600021191091,-9.0889969162066819e-14,1.8643600022099991e-09,1,0
5,90,2.5,2.2249999999999961,0.001765205002234999,0.0017652050021440659,-9.0933120408531742e-14,1.8652050022349991e-09,1,0
5,91,2.5,2.249999999999996,0.001766050002259999,0.0017660500021690223,-9.097670533586566e-14,1.8660500022599987e-09,1,0
5,92,2.5,2.2749999999999959,0.001766895002285,0.0017668950021939786,-9.1021374465372062e-14,1.8668950022849999e-09,1,0
5,93,2.5,2.2999999999999958,0.0017677400023099999,0.0017677400022189352,-9.1064742552271483e-14,1.8677400023099999e-09,1,0
5,94,2.5,2.3249999999999962,0.001768585002334999,0.0017685850022438915,-9.1107460117867411e-14,1.8685850023349991e-09,1,0
5,95,2.5,2.3499999999999961,0.0017694300023599981,0.0017694300022688483,-9.1149744002594346e-14,1.8694300023599978e-09,1,0
5,96,2.5,2.374999999999996,0.0017702750023849991,0.0017702750022938047,-9.1194413132100749e-14,1.870275002384999e-09,1,0
5,97,2.5,2.399999999999995,0.001771120002409999,0.001771120002318761,-9.1237998059434666e-14,1.871120002409999e-09,1,0
5,98,2.5,2.4249999999999949,0.001771965002435,0.0017719650023437174,-9.1282667188941069e-14,1.8719650024349999e-09,1,0
5,99,2.5,2.4499999999999948,0.0017728100024599991,0.0017728100023686737,-9.1325384754536998e-14,1.872810002459999e-09,1,0
5,100,2.5,2.4749999999999952,0.001773655002484999,0.0017736550023936301,-9.1368969681870915e-14,1.873655002484999e-09,1,0
5,101,2.5,2.4999999999999951,0.001774500002509999,0.0017745000024185869,-9.1412120928335838e-14,1.874500002509999e-09,1,0
5,102,2.5,2.524999999999995,0.0017753450025349989,0.0017753450024435434,-9.1455489015235258e-14,1.8753450025349986e-09,1,0
5,103,2.5,2.5499999999999949,0.0017761900025599991,0.0017761900024684998,-9.1499290783003673e-14,1.876190002559999e-09,1,0
5,104,2.5,2.5749999999999948,0.001777035002584999,0.0017770350024934561,-9.154287571033759e-14,1.877035002584999e-09,1,0
5,105,2.5,2.5999999999999952,0.0017778800026099989,0.0017778800025184125,-9.1586460637671507e-14,1.877880002609999e-09,1,0
5,106,2.5,2.6249999999999951,0.001778725002634998,0.0017787250025433693,-9.1628744522398442e-14,1.8787250026349977e-09,1,0
5,107,2.5,2.649999999999995,0.001779570002659999,0.0017795700025683256,-9.1673413651904845e-14,1.879570002659999e-09,1,0
5,108,2.5,2.674999999999994,0.001780415002684999,0.001780415002593282,-9.1716998579238762e-14,1.880415002684999e-09,1,0
5,109,2.5,2.699999999999994,0.00178126000271,0.0017812600026182383,-9.1761667708745165e-14,1.8812600027099998e-09,1,0
5,110,2.5,2.7249999999999939,0.0017821050027349991,0.0017821050026431949,-9.1804168433906597e-14,1.882105002734999e-09,1,0
5,111,2.5,2.7499999999999938,0.001782950002759999,0.0017829500026681514,-9.1847536520806017e-14,1.882950002759999e-09,1,0
5,112,2.5,2.7749999999999941,0.0017837950027849989,0.001783795002693108,-9.1890904607705437e-14,1.8837950027849989e-09,1,0
5,113,2.5,2.799999999999994,0.001784640002809998,0.0017846400027180644,-9.1933622173301366e-14,1.8846400028099977e-09,1,0
5,114,2.5,2.824999999999994,0.001785485002834999,0.0017854850027430207,-9.1978291302807769e-14,1.8854850028349989e-09,1,0
5,115,2.5,2.8499999999999939,0.0017863300028599989,0.0017863300027679771,-9.2021876230141686e-14,1.8863300028599989e-09,1,0
5,116,2.5,2.8749999999999938,0.0017871750028849991,0.0017871750027929339,-9.2065244317041106e-14,1.8871750028849989e-09,1,0
5,117,2.5,2.8999999999999941,0.001788020002909999,0.0017880200028178902,-9.2108829244375023e-14,1.8880200029099989e-09,1,0
5,118,2.5,2.924999999999994,0.001788865002934999,0.0017888650028428466,-9.2152414171708941e-14,1.8888650029349989e-09,1,0
5,119,2.5,2.949999999999994,0.001789710002959998,0.0017897100028678031,-9.2194914896870372e-14,1.8897100029599981e-09,1,0
5,120,2.5,2.974999999999993,0.0017905550029849991,0.0017905550028927595,-9.2239584026376775e-14,1.8905550029849989e-09,1,0
5,121,2.5,2.9999999999999929,0.0017914000030100001,0.0017914000029177163,-9.2283819475014184e-14,1.8914000030100001e-09,1,0
6,1,3,0,-0,0,0,1e-10,0,1
6,2,3,0.025000000000000001,8.9419687531196084e-05,8.9419687211910376e-05,-3.1928570844077381e-13,1.8941968753119609e-10,0,1
6,3,3,0.050000000000000003,0.000177677500058553,0.00017767749943246947,-6.2608352204875095e-13,2.7767750005855301e-10,0,1
6,4,3,0.075000000000000011,0.00026477156258444958,0.00026477156166163139,-9.2281819122005948e-13,3.6477156258444961e-10,0,1
6,5,3,0.10000000000000001,0.00035070000011000002,0.00035069999889934995,-1.2106500697772749e-12,4.5070000011000003e-10,0,1
6,6,3,0.125,0.00043546093763500001,0.00043546093614557944,-1.4894205660476167e-12,5.3546093763499993e-10,0,1
6,7,3,0.14999999999999999,0.00051905250016,0.00051905249840027362,-1.7597263706967126e-12,6.1905250015999991e-10,0,1
6,8,3,0.17499999999999999,0.00060147281268500006,0.0006014728106633866,-2.0216134538966757e-12,7.01472812685e-10,0,1
6,9,3,0.20000000000000001,0.00068272000021000004,0.00068271999793487279,-2.2751272437185333e-12,7.8272000020999992e-10,0,1
6,10,3,0.22500000000000001,0.00076279218773499995,0.00076279218521468569,-2.5203142524354849e-12,8.6279218773499989e-10,0,1
6,11,3,0.25,0.00084168750025999969,0.00084168749750277946,-2.7572202333792095e-12,9.4168750025999973e-10,0,1
6,12,3,0.27500000000000002,0.00091940406278499993,0.00091940405979910834,-2.9858915904026895e-12,1.019404062785e-09,0,1
6,13,3,0.29999999999999999,0.0009959400003099997,0.00099593999710362573,-3.2063739684173864e-12,1.0959400003099996e-09,0,1
6,14,3,0.32500000000000001,0.0010712934378350001,0.0010712934344162869,-3.4187132291751965e-12,1.1712934378350001e-09,0,1
6,15,3,0.34999999999999998,0.00114546250036,0.0011454624967370444,-3.6229556681088848e-12,1.2454625003600001e-09,0,1
6,16,3,0.37500000000000011,0.0012184453128850001,0.0012184453090658539,-3.8191461711883923e-12,1.3184453128850001e-09,0,1
6,17,3,0.40000000000000008,0.0012902400004099999,0.0012902399964026675,-4.0073324433093083e-12,1.3902400004099999e-09,0,1
6,18,3,0.4250000000000001,0.0013608446879349999,0.0013608446837474406,-4.1875593704415737e-12,1.460844687935e-09,0,1
6,19,3,0.45000000000000012,0.0014302575004599999,0.0014302574961001272,-4.3598727059168674e-12,1.53025750046e-09,0,1
6,20,3,0.47500000000000009,0.0014984765629850001,0.0014984765584606801,-4.5243199377903442e-12,1.5984765629850002e-09,0,1
6,21,3,0.50000000000000011,0.0015655000005100001,0.0015654999958290546,-4.6809455183510762e-12,1.6655000005100002e-09,0,1
6,22,3,0.52500000000000013,0.001631325938035,0.0016313259332052044,-4.8297956346116111e-12,1.731325938035e-09,0,1
6,23,3,0.55000000000000016,0.0016959525005600001,0.0016959524955890834,-4.9709166904249313e-12,1.79595250056e-09,0,1
6,24,3,0.57500000000000018,0.0017593778130850001,0.0017593778079806463,-5.1043537886014123e-12,1.8593778130850001e-09,0,1
6,25,3,0.6000000000000002,0.0018216000006099999,0.0018215999953798453,-5.2301546340366434e-12,1.9216000006099999e-09,0,1
6,26,3,0.62500000000000022,0.001882617188135,0.0018826171827866361,-5.3483638958601309e-12,1.9826171881350001e-09,0,1
6,27,3,0.65000000000000024,0.00194242750066,0.0019424274952009723,-5.4590277610844229e-12,2.0424275006599999e-09,0,1
6,28,3,0.67500000000000027,0.0020010290631849999,0.0020010290576228077,-5.5621921998816326e-12,2.1010290631849999e-09,0,1
6,29,3,0.70000000000000029,0.0020584200007099998,0.0020584199950520968,-5.657902965583439e-12,2.1584200007099998e-09,0,1
6,30,3,0.72500000000000031,0.002114598438235,0.0021145984324887927,-5.7462073294045624e-12,2.2145984382349999e-09,0,1
6,31,3,0.75000000000000033,0.0021695625007600002,0.0021695624949328502,-5.8271499604745092e-12,2.26956250076e-09,0,1
6,32,3,0.77500000000000036,0.002223310313285,0.0022233103073842236,-5.9007763952845238e-12,2.323310313285e-09,0,1
6,33,3,0.80000000000000038,0.00227584000081,0.0022758399948428665,-5.9671334713684576e-12,2.37584000081e-09,0,1
6,34,3,0.8250000000000004,0.0023271496883350011,0.0023271496823087331,-6.026268026260162e-12,2.4271496883350011e-09,0,1
6,35,3,0.85000000000000042,0.0023772375008600001,0.0023772374947817762,-6.0782238617274054e-12,2.4772375008599999e-09,0,1
6,36,3,0.87500000000000044,0.0024261015633850001,0.0024261015572619514,-6.1230486826657771e-12,2.5261015633850002e-09,0,1
6,37,3,0.90000000000000047,0.0024737400009099998,0.0024737399947492127,-6.1607871582047835e-12,2.5737400009099998e-09,0,1
6,38,3,0.92500000000000049,0.0025201509384349999,0.0025201509322435125,-6.1914874269208831e-12,2.6201509384349999e-09,0,1
6,39,3,0.95000000000000051,0.0025653325009600009,0.0025653324947448072,-6.2151937242627131e-12,2.6653325009600009e-09,0,1
6,40,3,0.97500000000000053,0.0026092828134849999,0.0026092828072530488,-6.2319511530406491e-12,2.7092828134849999e-09,0,1
6,41,3,1,0.0026520000010100001,0.0026519999947681914,-6.2418087191928873e-12,2.7520000010099999e-09,0,1
6,42,3,1.0249999999999999,0.0026934821885349989,0.0026934821822901904,-6.2448084897637202e-12,2.7934821885349988e-09,0,1
6,43,3,1.05,0.0027337275010599999,0.0027337274948189992,-6.2410007717339511e-12,2.83372750106e-09,0,1
6,44,3,1.075,0.0027727340635849999,0.0027727340573545723,-6.2304276321478724e-12,2.8727340635849997e-09,0,1
6,45,3,1.1000000000000001,0.002810500001110001,0.002810499994896863,-6.2131380769436806e-12,2.9105000011100009e-09,0,1
6,46,3,1.125,0.0028470234386349992,0.0028470234324458246,-6.189174606846537e-12,2.947023438634999e-09,0,1
6,47,3,1.1499999999999999,0.0028823025011599991,0.0028823024950014125,-6.1585866614755069e-12,2.9823025011599991e-09,0,1
6,48,3,1.175,0.0029163353136849989,0.0029163353075635804,-6.1214184762792279e-12,3.016335313684999e-09,0,1
6,49,3,1.2,0.0029491200012099991,0.0029491199951322822,-6.0777168887915511e-12,3.0491200012099989e-09,0,1
6,50,3,1.2250000000000001,0.0029806546887349988,0.0029806546827074714,-6.0275274355037212e-12,3.0806546887349986e-09,0,1
6,51,3,1.25,0.0030109375012599992,0.0030109374952891036,-5.9708956529069823e-12,3.1109375012599992e-09,0,1
6,52,3,1.274999999999999,0.003039966563784999,0.0030399665578771293,-5.907869679577793e-12,3.1399665637849988e-09,0,1
6,53,3,1.2999999999999989,0.0030677400013099979,0.0030677399954715068,-5.8384911488795765e-12,3.1677400013099977e-09,0,1
6,54,3,1.3249999999999991,0.0030942559388349991,0.0030942559330721896,-5.7628095004313984e-12,3.194255938834999e-09,0,1
6,55,3,1.349999999999999,0.0031195125013599979,0.0031195124956791289,-5.6808689696818959e-12,3.2195125013599976e-09,0,1
6,56,3,1.3749999999999989,0.0031435078138849991,0.0031435078082922806,-5.5927185625692655e-12,3.243507813884999e-09,0,1
6,57,3,1.399999999999999,0.0031662400014099978,0.0031662399959115984,-5.4983994787760615e-12,3.2662400014099977e-09,0,1
6,58,3,1.4249999999999989,0.003187707188934998,0.003187707183537036,-5.3979620252830873e-12,3.287707188934998e-09,0,1
6,59,3,1.4499999999999991,0.003207907501459998,0.0032079074961685484,-5.2914495701772424e-12,3.3079075014599978e-09,0,1
6,60,3,1.474999999999999,0.0032268390639849979,0.0032268390588060885,-5.178909384673247e-12,3.3268390639849976e-09,0,1
6,61,3,1.4999999999999989,0.0032445000015099991,0.0032444999964496104,-5.0603887399858216e-12,3.344500001509999e-09,0,1
6,62,3,1.524999999999999,0.003260888439034998,0.0032608884340990696,-4.9359284021166516e-12,3.3608884390349979e-09,0,1
6,63,3,1.549999999999998,0.003276002501559998,0.0032760024967544172,-4.8055808464508853e-12,3.376002501559998e-09,0,1
6,64,3,1.574999999999998,0.0032898403140849981,0.0032898403094156112,-4.6693868389902082e-12,3.3898403140849978e-09,0,1
6,65,3,1.5999999999999981,0.0033024000016099991,0.0033023999970826028,-4.5273962530345546e-12,3.4024000016099989e-09,0,1
6,66,3,1.624999999999998,0.0033136796891349981,0.0033136796847553465,-4.3796515893090859e-12,3.413679689134998e-09,0,1
6,67,3,1.6499999999999979,0.003323677501659998,0.0033236774974337966,-4.2262014200711295e-12,3.423677501659998e-09,0,1
6,68,3,1.674999999999998,0.0033323915641849979,0.0033323915601179074,-4.0670904144501918e-12,3.4323915641849978e-09,0,1
6,69,3,1.699999999999998,0.0033398200017099992,0.0033398199978076325,-3.9023667110227311e-12,3.4398200017099993e-09,0,1
6,70,3,1.7249999999999981,0.0033459609392349991,0.0033459609355029249,-3.7320741115565159e-12,3.445960939234999e-09,0,1
6,71,3,1.749999999999998,0.003350812501759998,0.0033508124982037407,-3.5562572851810526e-12,3.4508125017599979e-09,0,1
6,72,3,1.7749999999999979,0.0033543728142850001,0.0033543728109100323,-3.3749678399197514e-12,3.4543728142850001e-09,0,1
6,73,3,1.799999999999998,0.0033566400018099989,0.0033566399986217554,-3.1882435060082148e-12,3.4566400018099987e-09,0,1
6,74,3,1.824999999999998,0.0033582600018349988,0.0033582599986673452,-3.1676536393909771e-12,3.4582600018349989e-09,0,1
6,75,3,1.849999999999997,0.0033598800018600009,0.003359879998712934,-3.1470668085398223e-12,3.4598800018600007e-09,0,1
6,76,3,1.8749999999999969,0.0033615000018850012,0.0033614999987585229,-3.1264782429651916e-12,3.4615000018850012e-09,0,1
6,77,3,1.899999999999997,0.0033631200019100011,0.0033631199988041118,-3.1058892437096919e-12,3.4631200019100009e-09,0,1
6,78,3,1.9249999999999969,0.0033647400019350009,0.0033647399988497007,-3.0853002444541922e-12,3.464740001935001e-09,0,1
6,79,3,1.9499999999999971,0.00336636000196,0.0033663599988952896,-3.0647103778369544e-12,3.4663600019599999e-09,0,1
6,80,3,1.974999999999997,0.0033679800019849999,0.0033679799989408793,-3.0441205112197167e-12,3.4679800019849996e-09,0,1
6,81,3,1.9999999999999969,0.0033696000020100002,0.0033695999989864682,-3.023531945645086e-12,3.4696000020100002e-09,0,1
6,82,3,2.0249999999999968,0.0033712200020350001,0.0033712199990320571,-3.0029429463895863e-12,3.4712200020349999e-09,0,1
6,83,3,2.0499999999999972,0.00337284000206,0.003372839999077646,-2.9823539471340865e-12,3.47284000206e-09,0,1
6,84,3,2.0749999999999971,0.0033744600020849998,0.0033744599991232349,-2.9617649478785868e-12,3.4744600020849997e-09,0,1
6,85,3,2.099999999999997,0.0033760800021100002,0.0033760799991688246,-2.9411755149422181e-12,3.4760800021100003e-09,0,1
6,86,3,2.124999999999996,0.003377700002135,0.0033776999992144135,-2.9205865156867183e-12,3.477700002135e-09,0,1
6,87,3,2.1499999999999959,0.0033793200021599999,0.0033793199992600024,-2.8999975164312186e-12,3.4793200021599997e-09,0,1
6,88,3,2.1749999999999958,0.003380940002184999,0.0033809399993055913,-2.8794076498139809e-12,3.480940002184999e-09,0,1
6,89,3,2.1999999999999962,0.003382560002210001,0.0033825599993511802,-2.8588208189628261e-12,3.4825600022100008e-09,0,1
6,90,3,2.2249999999999961,0.0033841800022349992,0.0033841799993967699,-2.8382292176221124e-12,3.4841800022349993e-09,0,1
6,91,3,2.249999999999996,0.0033858000022600008,0.0033857999994423588,-2.8176419530900887e-12,3.4858000022600006e-09,0,1
6,92,3,2.2749999999999959,0.0033874200022850011,0.0033874199994879477,-2.797053387515458e-12,3.4874200022850012e-09,0,1
6,93,3,2.2999999999999958,0.003389040002310001,0.0033890399995335366,-2.7764643882599582e-12,3.4890400023100009e-09,0,1
6,94,3,2.3249999999999962,0.003390660002335,0.0033906599995791255,-2.7558745216427205e-12,3.4906600023349998e-09,0,1
6,95,3,2.3499999999999961,0.0033922800023599999,0.0033922799996247152,-2.7352846550254828e-12,3.4922800023599999e-09,0,1
6,96,3,2.374999999999996,0.0033939000023849998,0.0033938999996703041,-2.7146956557699831e-12,3.4939000023849996e-09,0,1
6,97,3,2.399999999999995,0.0033955200024100001,0.003395519999715893,-2.6941070901953523e-12,3.4955200024100002e-09,0,1
6,98,3,2.4249999999999949,0.003397140002435,0.0033971399997614819,-2.6735180909398526e-12,3.4971400024349999e-09,0,1
6,99,3,2.4499999999999948,0.0033987600024599999,0.0033987599998070708,-2.6529290916843529e-12,3.4987600024599996e-09,0,1
6,100,3,2.4749999999999952,0.0034003800024850002,0.0034003799998526597,-2.6323405261097221e-12,3.5003800024850001e-09,0,1
6,101,3,2.4999999999999951,0.0034020000025100001,0.0034019999998982494,-2.6117506594924844e-12,3.5020000025099999e-09,0,1
6,102,3,2.524999999999995,0.003403620002535,0.0034036199999438383,-2.5911616602369847e-12,3.503620002535e-09,0,1
6,103,3,2.5499999999999949,0.003405240002559999,0.0034052399999894272,-2.570571793619747e-12,3.5052400025599989e-09,0,1
6,104,3,2.5749999999999948,0.0034068600025849989,0.0034068600000350161,-2.5499827943642472e-12,3.506860002584999e-09,0,1
6,105,3,2.5999999999999952,0.0034084800026100009,0.003408480000080605,-2.5293959635130925e-12,3.5084800026100008e-09,0,1
6,106,3,2.6249999999999951,0.0034101000026350008,0.0034101000001261947,-2.5088060968958548e-12,3.5101000026350009e-09,0,1
6,107,3,2.649999999999995,0.0034117200026600012,0.0034117200001717836,-2.488217531321224e-12,3.511720002660001e-09,0,1
6,108,3,2.674999999999994,0.003413340002685001,0.0034133400002173725,-2.4676285320657243e-12,3.5133400026850008e-09,0,1
6,109,3,2.699999999999994,0.0034149600027100001,0.0034149600002629614,-2.4470386654484866e-12,3.5149600027100001e-09,0,1
6,110,3,2.7249999999999939,0.003416580002735,0.0034165800003085507,-2.4264492325121179e-12,3.5165800027349998e-09,0,1
6,111,3,2.7499999999999938,0.0034182000027599998,0.00341820000035414,-2.4058597995757491e-12,3.5182000027599999e-09,0,1
6,112,3,2.7749999999999941,0.0034198200027850002,0.0034198200003997289,-2.3852712340011184e-12,3.519820002785e-09,0,1
6,113,3,2.799999999999994,0.00342144000281,0.0034214400004453178,-2.3646822347456187e-12,3.5214400028100002e-09,0,1
6,114,3,2.824999999999994,0.0034230600028349999,0.0034230600004909071,-2.3440928018092499e-12,3.5230600028349999e-09,0,1
6,115,3,2.8499999999999939,0.0034246800028599981,0.003424680000536496,-2.3235020678302742e-12,3.5246800028599979e-09,0,1
6,116,3,2.8749999999999938,0.0034263000028850001,0.0034263000005820853,-2.3029148032982505e-12,3.5263000028850001e-09,0,1
6,117,3,2.8999999999999941,0.00342792000291,0.0034279200006276742,-2.2823258040427508e-12,3.5279200029099998e-09,0,1
6,118,3,2.924999999999994,0.0034295400029349991,0.0034295400006732635,-2.261735503744644e-12,3.5295400029349991e-09,0,1
6,119,3,2.949999999999994,0.0034311600029599989,0.0034311600007188524,-2.2411465044891443e-12,3.5311600029599989e-09,0,1
6,120,3,2.974999999999993,0.0034327800029849988,0.0034327800007644413,-2.2205575052336446e-12,3.5327800029849986e-09,0,1
6,121,3,2.9999999999999929,0.0034344000030100009,0.0034344000008100306,-2.1999702407016208e-12,3.5344000030100008e-09,0,0
7,1,3.5,0,-0,0,0,1e-10,0,1
7,2,3.5,0.025000000000000001,0.0001144321875311961,0.000114432187085718,-4.4547809993807086e-13,2.1443218753119611e-10,0,1
7,3,3.5,0.050000000000000003,0.00022772750005855299,0.0002277274991806977,-8.7785529713502175e-13,3.2772750005855301e-10,0,1
7,4,3.5,0.075000000000000011,0.00033988406258444971,0.00033988406128489333,-1.2995563826445622e-12,4.398840625844497e-10,0,1
7,5,3.5,0.10000000000000001,0.00045090000011000013,0.00045089999839825848,-1.7117416425266319e-12,5.5090000011000006e-10,0,1
7,6,3.5,0.125,0.00056077343763499994,0.00056077343552074748,-2.1142524580033961e-12,6.6077343763499985e-10,0,1
7,7,3.5,0.14999999999999999,0.00066950250015999988,0.00066950249765231431,-2.507685573950591e-12,7.6950250015999984e-10,0,1
7,8,3.5,0.17499999999999999,0.00077708531268500024,0.00077708530979291295,-2.8920872858009816e-12,8.7708531268500016e-10,0,1
7,9,3.5,0.20000000000000001,0.00088352000020999993,0.00088351999694249778,-3.2675021542638572e-12,9.8352000020999999e-10,0,1
7,10,3.5,0.22500000000000001,0.00098880468773499984,0.00098880468410102239,-3.6339774505539379e-12,1.0888046877349998e-09,0,1
7,11,3.5,0.25,0.0010929375002600001,0.0010929374962684406,-3.9915594701039891e-12,1.1929375002600001e-09,0,1
7,12,3.5,0.27500000000000002,0.001195916562785,0.0011959165584447069,-4.3402930988839517e-12,1.2959165627850001e-09,0,1
7,13,3.5,0.29999999999999999,0.00129774000031,0.0012977399956297752,-4.6802247407468078e-12,1.39774000031e-09,0,1
7,14,3.5,0.32500000000000001,0.0013984059378349999,0.0013984059328235997,-5.0114001490242366e-12,1.4984059378349998e-09,0,1
7,15,3.5,0.34999999999999998,0.0014979125003600001,0.0014979124950261339,-5.3338661612500893e-12,1.5979125003600001e-09,0,1
7,16,3.5,0.37500000000000011,0.001596257812885,0.001596257807237333,-5.6476670128730033e-12,1.6962578128850001e-09,0,1
7,17,3.5,0.40000000000000008,0.00169344000041,0.0016934399944571491,-5.9528508424694371e-12,1.7934400004099999e-09,0,1
7,18,3.5,0.4250000000000001,0.001789457187935,0.0017894571816855381,-6.2494618854880279e-12,1.8894571879349997e-09,0,1
7,19,3.5,0.45000000000000012,0.00188430750046,0.0018843074939224533,-6.5375467626221928e-12,1.9843075004599999e-09,0,1
7,20,3.5,0.47500000000000009,0.0019779890629849999,0.0019779890561678476,-6.817152311405783e-12,2.0779890629850001e-09,0,1
7,21,3.5,0.50000000000000011,0.0020705000005099999,0.0020704999934216769,-7.0883229841278705e-12,2.1705000005099998e-09,0,1
7,22,3.5,0.52500000000000013,0.0021618384380349999,0.0021618384306838941,-7.3511058351627412e-12,2.261838438035e-09,0,1
7,23,3.5,0.55000000000000016,0.00225200250056,0.0022520024929544536,-7.6055464010016394e-12,2.3520025005600002e-09,0,1
7,24,3.5,0.57500000000000018,0.002340990313085,0.0023409903052333094,-7.8516906518166785e-12,2.4409903130850001e-09,0,1
7,25,3.5,0.6000000000000002,0.00242880000061,0.0024287999925204158,-8.0895841240991029e-12,2.52880000061e-09,0,1
7,26,3.5,0.62500000000000022,0.002515429688135,0.0025154296798157259,-8.319274089063633e-12,2.6154296881349997e-09,0,1
7,27,3.5,0.65000000000000024,0.002600877500660001,0.0026008774921191949,-8.5408060832015131e-12,2.7008775006600011e-09,0,1
7,28,3.5,0.67500000000000027,0.0026851415631850002,0.0026851415544307759,-8.7542243419613808e-12,2.7851415631850003e-09,0,1
7,29,3.5,0.70000000000000029,0.0027682200007100011,0.0027682199917504241,-8.9595770039196942e-12,2.8682200007100012e-09,0,1
7,30,3.5,0.72500000000000031,0.002850110938235,0.0028501109290780917,-9.156908304525091e-12,2.950110938235e-09,0,1
7,31,3.5,0.75000000000000033,0.00293081250076,0.0029308124914137336,-9.3462663823540293e-12,3.0308125007600001e-09,0,1
7,32,3.5,0.77500000000000036,0.0030103228132850011,0.0030103228037573039,-9.5276972075786226e-12,3.110322813285001e-09,0,1
7,33,3.5,0.80000000000000038,0.0030886400008100011,0.0030886399911087569,-9.7012441482857703e-12,3.1886400008100012e-09,0,1
7,34,3.5,0.8250000000000004,0.0031657621883350012,0.0031657621784680471,-9.8669540420093238e-12,3.265762188335001e-09,0,1
7,35,3.5,0.85000000000000042,0.0032416875008600011,0.0032416874908351278,-1.0024873292602265e-11,3.341687500860001e-09,0,1
7,36,3.5,0.87500000000000044,0.003316414063385001,0.0033164140532099527,-1.0175048303917578e-11,3.416414063385001e-09,0,1
7,37,3.5,0.90000000000000047,0.0033899400009100009,0.0033899399905924759,-1.0317525046127374e-11,3.4899400009100009e-09,0,1
7,38,3.5,0.92500000000000049,0.0034622634384349998,0.0034622634279826516,-1.045234818836116e-11,3.5622634384349996e-09,0,1
7,39,3.5,0.95000000000000051,0.0035333825009600012,0.0035333824903804353,-1.0579565869195395e-11,3.6333825009600011e-09,0,1
7,40,3.5,0.97500000000000053,0.003603295313485,0.0036032953027857781,-1.0699221890397848e-11,3.7032953134849998e-09,0,1
7,41,3.5,1,0.003672000001010001,0.0036719999901986345,-1.081136655894932e-11,3.7720000010100006e-09,0,1
7,42,3.5,1.0249999999999999,0.0037394946885350002,0.00373949467761896,-1.091604020717063e-11,3.8394946885349998e-09,0,1
7,43,3.5,1.05,0.0038057775010599988,0.0038057774900467104,-1.1013288371553021e-11,3.9057775010599986e-09,0,1
7,44,3.5,1.075,0.0038708465635849988,0.0038708465524818366,-1.1103162226439034e-11,3.9708465635849985e-09,0,1
7,45,3.5,1.1000000000000001,0.0039347000011100003,0.0039346999899242943,-1.1185706007277307e-11,4.03470000111e-09,0,1
7,46,3.5,1.125,0.003997335938634999,0.0039973359273740346,-1.1260964383197347e-11,4.0973359386349989e-09,0,1
7,47,3.5,1.1499999999999999,0.0040587525011599986,0.0040587524898310157,-1.1328982890690398e-11,4.1587525011599983e-09,0,1
7,48,3.5,1.175,0.0041189478136849991,0.004118947802295189,-1.1389810102013787e-11,4.2189478136849988e-09,0,1
7,49,3.5,1.2,0.004177920001209999,0.0041779199897665096,-1.1443489385254413e-11,4.2779200012099986e-09,0,1
7,50,3.5,1.2250000000000001,0.0042356671887349992,0.0042356671772449308,-1.1490068445307866e-11,4.3356671887349992e-09,0,1
7,51,3.5,1.25,0.0042921875012599973,0.0042921874897304058,-1.1529591517622784e-11,4.392187501259997e-09,0,1
7,52,3.5,1.274999999999999,0.0043474790637849994,0.0043474790522228888,-1.1562110643903445e-11,4.4474790637849994e-09,0,1
7,53,3.5,1.2999999999999989,0.0044015400013099979,0.0044015399897223383,-1.1587659651257631e-11,4.5015400013099978e-09,0,1
7,54,3.5,1.3249999999999991,0.0044543684388349998,0.0044543684272287032,-1.1606296652921788e-11,4.5543684388349996e-09,0,1
7,55,3.5,1.349999999999999,0.0045059625013599992,0.0045059624897419402,-1.1618058945450649e-11,4.6059625013599987e-09,0,1
7,56,3.5,1.3749999999999989,0.0045563203138849996,0.0045563203022620001,-1.1622999437910231e-11,4.6563203138849992e-09,0,1
7,57,3.5,1.399999999999999,0.0046054400014099994,0.0046054399897888414,-1.1621158028940481e-11,4.7054400014099991e-09,0,1
7,58,3.5,1.4249999999999989,0.0046533196889349971,0.0046533196773224138,-1.1612583290798728e-11,4.7533196889349966e-09,0,1
7,59,3.5,1.4499999999999991,0.0046999575014599988,0.004699957489862675,-1.1597323795742298e-11,4.7999575014599983e-09,0,1
7,60,3.5,1.474999999999999,0.0047453515639849977,0.0047453515524095774,-1.1575420309772877e-11,4.8453515639849971e-09,0,1
7,61,3.5,1.4999999999999989,0.0047895000015099982,0.0047894999899630725,-1.1546925741956482e-11,4.8895000015099981e-09,0,1
7,62,3.5,1.524999999999999,0.0048324009390349979,0.0048324009275231197,-1.1511878256209584e-11,4.9324009390349975e-09,0,1
7,63,3.5,1.549999999999998,0.0048740525015599978,0.004874052490089667,-1.1470330761598202e-11,4.9740525015599979e-09,0,1
7,64,3.5,1.574999999999998,0.004914452814084997,0.0049144528026626748,-1.1422322289400544e-11,5.0144528140849972e-09,0,1
7,65,3.5,1.5999999999999981,0.0049536000016099976,0.0049535999902420918,-1.1367905748682627e-11,5.053600001609997e-09,0,1
7,66,3.5,1.624999999999998,0.0049914921891349977,0.0049914921778278767,-1.13071210380844e-11,5.091492189134998e-09,0,1
7,67,3.5,1.6499999999999979,0.0050281275016599968,0.0050281274904199775,-1.1240019331948403e-11,5.1281275016599966e-09,0,1
7,68,3.5,1.674999999999998,0.0050635040641849984,0.0050635040530183535,-1.1166644865723274e-11,5.1635040641849984e-09,0,1
7,69,3.5,1.699999999999998,0.0050976200017099974,0.0050976199906229581,-1.1087039272772437e-11,5.1976200017099975e-09,0,1
7,70,3.5,1.7249999999999981,0.0051304734392349973,0.0051304734282337427,-1.1001254594800169e-11,5.230473439234997e-09,0,1
7,71,3.5,1.749999999999998,0.0051620625017599984,0.0051620624908506624,-1.0909335934616848e-11,5.2620625017599983e-09,0,1
7,72,3.5,1.7749999999999979,0.0051923853142849963,0.0051923853034736706,-1.0811325792947635e-11,5.2923853142849963e-09,0,1
7,73,3.5,1.799999999999998,0.0052214400018099991,0.0052214399911027247,-1.0707274476773332e-11,5.3214400018099992e-09,0,1
7,74,3.5,1.824999999999998,0.0052492246893349991,0.0052492246787377754,-1.0597223619457363e-11,5.3492246893349992e-09,0,1
7,75,3.5,1.849999999999997,0.0052757375018599971,0.0052757374913787779,-1.0481219191171842e-11,5.375737501859997e-09,0,1
7,76,3.5,1.8749999999999969,0.0053009765643849977,0.0053009765540256836,-1.0359314100982786e-11,5.4009765643849974e-09,0,1
7,77,3.5,1.899999999999997,0.0053249400019099984,0.0053249399916784519,-1.0231546512806666e-11,5.4249400019099986e-09,0,1
7,78,3.5,1.9249999999999969,0.0053476259394349976,0.0053476259293370309,-1.0097966733624286e-11,5.4476259394349978e-09,0,1
7,79,3.5,1.9499999999999971,0.0053690325019599972,0.0053690324920013816,-9.9586155294373313e-12,5.4690325019599967e-09,0,1
7,80,3.5,1.974999999999997,0.0053891578144849971,0.0053891578046714513,-9.8135458093118189e-12,5.4891578144849973e-09,0,1
7,81,3.5,1.9999999999999969,0.0054080000020099994,0.0054079999923471976,-9.6628018086963863e-12,5.5080000020099988e-09,0,1
7,82,3.5,2.0249999999999968,0.0054255571895349981,0.0054255571800285746,-9.506423426230981e-12,5.5255571895349977e-09,0,1
7,83,3.5,2.0499999999999972,0.0054418275020599993,0.0054418274927155322,-9.3444670404285723e-12,5.5418275020599987e-09,0,1
7,84,3.5,2.0749999999999971,0.0054568090645849988,0.0054568090554080297,-9.1769690804821558e-12,5.5568090645849984e-09,0,1
7,85,3.5,2.099999999999997,0.0054705000021099993,0.0054704999931060186,-9.0039807207342726e-12,5.5705000021099989e-09,0,1
7,86,3.5,2.124999999999996,0.0054828984396349976,0.0054828984308094532,-8.8255444619100842e-12,5.5828984396349978e-09,0,1
7,87,3.5,2.1499999999999959,0.0054940025021599972,0.0054940024935182874,-8.6417097436286561e-12,5.5940025021599972e-09,0,1
7,88,3.5,2.1749999999999958,0.0055038103146849982,0.0055038103062324765,-8.4525216687003635e-12,5.6038103146849978e-09,0,1
7,89,3.5,2.1999999999999962,0.0055123200022099972,0.0055123199939519736,-8.2580236052121059e-12,5.612320002209997e-09,0,1
7,90,3.5,2.2249999999999961,0.0055195296897349996,0.0055195296816767311,-8.0582684622299006e-12,5.6195296897349995e-09,0,1
7,91,3.5,2.249999999999996,0.0055254375022599986,0.0055254374944067059,-7.853292668946743e-12,5.6254375022599985e-09,0,1
7,92,3.5,2.2749999999999959,0.0055300415647849977,0.0055300415571418512,-7.6431465323434367e-12,5.6300415647849971e-09,0,1
7,93,3.5,2.2999999999999958,0.0055333400023099989,0.0055333399948821176,-7.4278812267625227e-12,5.6333400023099985e-09,0,1
7,94,3.5,2.3249999999999962,0.0055359850023349987,0.0055359849949544694,-7.3805293474005218e-12,5.6359850023349987e-09,0,1
7,95,3.5,2.3499999999999961,0.0055386300023600003,0.005538629995026822,-7.3331783354002589e-12,5.6386300023600005e-09,0,1
7,96,3.5,2.374999999999996,0.0055412750023850002,0.0055412749950991737,-7.285826456038258e-12,5.6412750023849998e-09,0,1
7,97,3.5,2.399999999999995,0.0055439200024100001,0.0055439199951715246,-7.238475444037995e-12,5.6439200024099999e-09,0,1
7,98,3.5,2.4249999999999949,0.0055465650024349999,0.0055465649952438764,-7.1911235646759941e-12,5.646565002435e-09,0,1
7,99,3.5,2.4499999999999948,0.0055492100024599998,0.0055492099953162273,-7.1437725526757312e-12,5.6492100024599993e-09,0,1
7,100,3.5,2.4749999999999952,0.0055518550024849997,0.005551854995388579,-7.0964206733137303e-12,5.6518550024849995e-09,0,1
7,101,3.5,2.4999999999999951,0.0055545000025100004,0.0055544999954609316,-7.0490687939517294e-12,5.6545000025100004e-09,0,1
7,102,3.5,2.524999999999995,0.0055571450025349986,0.0055571449955332834,-7.0017151798662525e-12,5.6571450025349981e-09,0,1
7,103,3.5,2.5499999999999949,0.0055597900025599993,0.0055597899956056343,-6.9543650352277275e-12,5.659790002559999e-09,0,1
7,104,3.5,2.5749999999999948,0.0055624350025849992,0.005562434995677986,-6.9070131558657266e-12,5.6624350025849992e-09,0,1
7,105,3.5,2.5999999999999952,0.005565080002609999,0.0055650799957503369,-6.8596621438654637e-12,5.6650800026099985e-09,0,1
7,106,3.5,2.6249999999999951,0.0055677250026349972,0.0055677249958226895,-6.8123076624182488e-12,5.667725002634997e-09,0,1
7,107,3.5,2.649999999999995,0.0055703700026599988,0.0055703699958950413,-6.7649575177797239e-12,5.6703700026599987e-09,0,1
7,108,3.5,2.674999999999994,0.0055730150026850004,0.005573014995967393,-6.7176073731411989e-12,5.6730150026850005e-09,0,1
7,109,3.5,2.699999999999994,0.0055756600027100003,0.0055756599960397439,-6.670256361140936e-12,5.6756600027099998e-09,0,1
7,110,3.5,2.7249999999999939,0.0055783050027350001,0.0055783049961120957,-6.6229044817789351e-12,5.678305002735e-09,0,1
7,111,3.5,2.7499999999999938,0.00558095000276,0.0055809499961844483,-6.5755517350551962e-12,5.6809500027600001e-09,0,1
7,112,3.5,2.7749999999999941,0.0055835950027849999,0.0055835949962567992,-6.5282007230549333e-12,5.6835950027849994e-09,0,1
7,113,3.5,2.799999999999994,0.0055862400028099998,0.0055862399963291509,-6.4808488436929323e-12,5.6862400028099995e-09,0,1
7,114,3.5,2.824999999999994,0.0055888850028349996,0.0055888849964015027,-6.4334969643309314e-12,5.6888850028349997e-09,0,1
7,115,3.5,2.8499999999999939,0.0055915300028600004,0.0055915299964738535,-6.3861468196924065e-12,5.6915300028599998e-09,0,1
7,116,3.5,2.8749999999999938,0.0055941750028849994,0.0055941749965462062,-6.3387932056069296e-12,5.6941750028849991e-09,0,1
7,117,3.5,2.8999999999999941,0.0055968200029099992,0.0055968199966185579,-6.2914413262449287e-12,5.6968200029099992e-09,0,1
7,118,3.5,2.924999999999994,0.0055994650029349991,0.0055994649966909088,-6.2440903142446658e-12,5.6994650029349986e-09,0,1
7,119,3.5,2.949999999999994,0.005602110002959999,0.0056021099967632606,-6.1967384348826648e-12,5.7021100029599987e-09,0,1
7,120,3.5,2.974999999999993,0.0056047550029849989,0.0056047549968356123,-6.1493865555206639e-12,5.7047550029849988e-09,0,1
7,121,3.5,2.9999999999999929,0.0056074000030099987,0.0056073999969079649,-6.102033808796925e-12,5.707400003009999e-09,0,0
8,1,0,0.20000000000000001,2.0999999999999999e-13,0,-2.0999999999999999e-13,1.0000000021e-10,0,1
8,2,0.02,0.20000000000000001,2.0999999999999999e-13,0,-2.0999999999999999e-13,1.0000000021e-10,0,1
8,3,0.040000000000000001,0.20000000000000001,2.0999999999999999e-13,0,-2.0999999999999999e-13,1.0000000021e-10,0,1
8,4,0.059999999999999998,0.20000000000000001,2.0999999999999999e-13,0,-2.0999999999999999e-13,1.0000000021e-10,0,1
8,5,0.080000000000000002,0.20000000000000001,2.0999999999999999e-13,0,-2.0999999999999999e-13,1.0000000021e-10,0,1
8,6,0.10000000000000001,0.20000000000000001,2.0999999999999999e-13,0,-2.0999999999999999e-13,1.0000000021e-10,0,1
8,7,0.12,0.20000000000000001,2.0999999999999999e-13,0,-2.0999999999999999e-13,1.0000000021e-10,0,1
8,8,0.14000000000000001,0.20000000000000001,2.0999999999999999e-13,0,-2.0999999999999999e-13,1.0000000021e-10,0,1
8,9,0.16,0.20000000000000001,2.0999999999999999e-13,0,-2.0999999999999999e-13,1.0000000021e-10,0,1
8,10,0.17999999999999999,0.20000000000000001,2.0999999999999999e-13,0,-2.0999999999999999e-13,1.0000000021e-10,0,1
8,11,0.20000000000000001,0.20000000000000001,2.0999999999999999e-13,0,-2.0999999999999999e-13,1.0000000021e-10,0,1
8,12,0.22,0.20000000000000001,2.0999999999999999e-13,0,-2.0999999999999999e-13,1.0000000021e-10,0,1
8,13,0.23999999999999999,0.20000000000000001,2.0999999999999999e-13,0,-2.0999999999999999e-13,1.0000000021e-10,0,1
8,14,0.26000000000000001,0.20000000000000001,2.0999999999999999e-13,0,-2.0999999999999999e-13,1.0000000021e-10,0,1
8,15,0.28000000000000003,0.20000000000000001,2.0999999999999999e-13,0,-2.0999999999999999e-13,1.0000000021e-10,0,1
8,16,0.29999999999999999,0.20000000000000001,2.0999999999999999e-13,0,-2.0999999999999999e-13,1.0000000021e-10,0,1
8,17,0.32000000000000001,0.20000000000000001,2.0999999999999999e-13,0,-2.0999999999999999e-13,1.0000000021e-10,0,1
8,18,0.34000000000000002,0.20000000000000001,2.0999999999999999e-13,0,-2.0999999999999999e-13,1.0000000021e-10,0,1
8,19,0.35999999999999999,0.20000000000000001,2.0999999999999999e-13,0,-2.0999999999999999e-13,1.0000000021e-10,0,1
8,20,0.38000000000000012,0.20000000000000001,2.0999999999999999e-13,0,-2.0999999999999999e-13,1.0000000021e-10,0,1
8,21,0.40000000000000008,0.20000000000000001,2.0999999999999999e-13,0,-2.0999999999999999e-13,1.0000000021e-10,0,1
8,22,0.4200000000000001,0.20000000000000001,2.0999999999999999e-13,0,-2.0999999999999999e-13,1.0000000021e-10,0,1
8,23,0.44000000000000011,0.20000000000000001,2.0999999999999999e-13,0,-2.0999999999999999e-13,1.0000000021e-10,0,1
8,24,0.46000000000000008,0.20000000000000001,2.0999999999999999e-13,0,-2.0999999999999999e-13,1.0000000021e-10,0,1
8,25,0.48000000000000009,0.20000000000000001,2.0999999999999999e-13,0,-2.0999999999999999e-13,1.0000000021e-10,0,1
8,26,0.50000000000000011,0.20000000000000001,2.0999999999999999e-13,0,-2.0999999999999999e-13,1.0000000021e-10,0,1
8,27,0.52000000000000013,0.20000000000000001,2.0999999999999999e-13,0,-2.0999999999999999e-13,1.0000000021e-10,0,1
8,28,0.54000000000000015,0.20000000000000001,2.0999999999999999e-13,0,-2.0999999999999999e-13,1.0000000021e-10,0,1
8,29,0.56000000000000016,0.20000000000000001,2.0999999999999999e-13,0,-2.0999999999999999e-13,1.0000000021e-10,0,1
8,30,0.58000000000000018,0.20000000000000001,2.0999999999999999e-13,0,-2.0999999999999999e-13,1.0000000021e-10,0,1
8,31,0.6000000000000002,0.20000000000000001,2.0999999999999999e-13,0,-2.0999999999999999e-13,1.0000000021e-10,0,1
8,32,0.62000000000000022,0.20000000000000001,2.0999999999999999e-13,0,-2.0999999999999999e-13,1.0000000021e-10,0,1
8,33,0.64000000000000024,0.20000000000000001,2.0999999999999999e-13,0,-2.0999999999999999e-13,1.0000000021e-10,0,1
8,34,0.66000000000000025,0.20000000000000001,2.0999999999999999e-13,0,-2.0999999999999999e-13,1.0000000021e-10,0,1
8,35,0.68000000000000027,0.20000000000000001,2.0999999999999999e-13,0,-2.0999999999999999e-13,1.0000000021e-10,0,1
8,36,0.70000000000000029,0.20000000000000001,2.0999999999999999e-13,0,-2.0999999999999999e-13,1.0000000021e-10,0,1
8,37,0.72000000000000031,0.20000000000000001,2.0999999999999999e-13,0,-2.0999999999999999e-13,1.0000000021e-10,0,1
8,38,0.74000000000000032,0.20000000000000001,2.0999999999999999e-13,0,-2.0999999999999999e-13,1.0000000021e-10,0,1
8,39,0.76000000000000034,0.20000000000000001,2.0999999999999999e-13,0,-2.0999999999999999e-13,1.0000000021e-10,0,1
8,40,0.78000000000000036,0.20000000000000001,2.0999999999999999e-13,0,-2.0999999999999999e-13,1.0000000021e-10,0,1
8,41,0.80000000000000038,0.20000000000000001,2.0999999999999999e-13,0,-2.0999999999999999e-13,1.0000000021e-10,0,1
8,42,0.8200000000000004,0.20000000000000001,2.0999999999999999e-13,0,-2.0999999999999999e-13,1.0000000021e-10,0,1
8,43,0.84000000000000041,0.20000000000000001,2.0999999999999999e-13,0,-2.0999999999999999e-13,1.0000000021e-10,0,1
8,44,0.86000000000000043,0.20000000000000001,2.0999999999999999e-13,0,-2.0999999999999999e-13,1.0000000021e-10,0,1
8,45,0.88000000000000045,0.20000000000000001,2.0999999999999999e-13,0,-2.0999999999999999e-13,1.0000000021e-10,0,1
8,46,0.90000000000000047,0.20000000000000001,2.0999999999999999e-13,0,-2.0999999999999999e-13,1.0000000021e-10,0,1
8,47,0.92000000000000048,0.20000000000000001,2.0999999999999999e-13,0,-2.0999999999999999e-13,1.0000000021e-10,0,1
8,48,0.9400000000000005,0.20000000000000001,2.0999999999999999e-13,0,-2.0999999999999999e-13,1.0000000021e-10,0,1
8,49,0.96000000000000052,0.20000000000000001,2.0999999999999999e-13,0,-2.0999999999999999e-13,1.0000000021e-10,0,1
8,50,0.98000000000000054,0.20000000000000001,2.0999999999999999e-13,0,-2.0999999999999999e-13,1.0000000021e-10,0,1
8,51,1,0.20000000000000001,2.0999999999999999e-13,0,-2.0999999999999999e-13,1.0000000021e-10,0,0
8,52,1.02,0.20000000000000001,2.0999999999999999e-13,0,-2.0999999999999999e-13,1.0000000021e-10,0,1
8,53,1.04,0.20000000000000001,2.0999999999999999e-13,0,-2.0999999999999999e-13,1.0000000021e-10,0,1
8,54,1.0600000000000001,0.20000000000000001,2.0999999999999999e-13,0,-2.0999999999999999e-13,1.0000000021e-10,0,1
8,55,1.080000000000001,0.20000000000000001,2.0999999999999999e-13,0,-2.0999999999999999e-13,1.0000000021e-10,0,1
8,56,1.100000000000001,0.20000000000000001,2.0999999999999999e-13,0,-2.0999999999999999e-13,1.0000000021e-10,0,1
8,57,1.120000000000001,0.20000000000000001,2.0999999999999999e-13,0,-2.0999999999999999e-13,1.0000000021e-10,0,1
8,58,1.140000000000001,0.20000000000000001,2.0999999999999999e-13,0,-2.0999999999999999e-13,1.0000000021e-10,0,1
8,59,1.160000000000001,0.20000000000000001,2.0999999999999999e-13,0,-2.0999999999999999e-13,1.0000000021e-10,0,1
8,60,1.180000000000001,0.20000000000000001,2.0999999999999999e-13,0,-2.0999999999999999e-13,1.0000000021e-10,0,1
8,61,1.2000000000000011,0.20000000000000001,2.0999999999999999e-13,1.0665747633218636e-20,-2.0999998933425237e-13,1.0000000021e-10,0,1
8,62,1.2200000000000011,0.20000000000000001,4.0160021000001971e-07,4.0160012891009284e-07,-8.1089926870161225e-14,1.0040160021000003e-10,0,1
8,63,1.2400000000000011,0.20000000000000001,1.6064002100000391e-06,1.6064002538506764e-06,4.3850637334306216e-14,1.0160640021000004e-10,0,1
8,64,1.2600000000000009,0.20000000000000001,3.614400210000051e-06,3.614400374821735e-06,1.6482168396363432e-13,1.0361440021000005e-10,0,1
8,65,1.2800000000000009,0.20000000000000001,6.4256002100000886e-06,6.4256004918233119e-06,2.8182322334103713e-13,1.064256002100001e-10,0,1
8,66,1.3000000000000009,0.20000000000000001,1.00400002100001e-05,1.0040000604855391e-05,3.9485529104189843e-13,1.1004000021000011e-10,0,1
8,67,1.320000000000001,0.20000000000000001,1.445760021000008e-05,1.4457600713917971e-05,5.0391789130138295e-13,1.1445760021000009e-10,0,1
8,68,1.340000000000001,0.20000000000000001,1.967840021000015e-05,1.9678400819011052e-05,6.090109021467463e-13,1.1967840021000014e-10,0,1
8,69,1.360000000000001,0.20000000000000001,2.5702400210000179e-05,2.5702400920134635e-05,7.1013445571512825e-13,1.2570240021000017e-10,0,1
8,70,1.380000000000001,0.20000000000000001,3.2529600210000238e-05,3.2529601017288726e-05,8.0728848763202479e-13,1.3252960021000025e-10,0,1
8,71,1.400000000000001,0.20000000000000001,4.0160000210000327e-05,4.0160001110473287e-05,9.0047296062798626e-13,1.4016000021000033e-10,0,1
8,72,1.420000000000001,0.20000000000000001,4.8192000210000381e-05,4.8192001070778295e-05,8.6077791351972174e-13,1.4819200021000037e-10,0,1
8,73,1.4400000000000011,0.20000000000000001,5.6224000210000429e-05,5.6224001031083302e-05,8.210828731877208e-13,1.5622400021000044e-10,0,1
8,74,1.4600000000000011,0.20000000000000001,6.425600021000026e-05,6.4256000991388303e-05,7.8138804291989078e-13,1.6425600021000025e-10,0,1
8,75,1.4800000000000011,0.20000000000000001,7.2288000210000416e-05,7.228800095169331e-05,7.4169289416767259e-13,1.7228800021000042e-10,0,1
8,76,1.5000000000000011,0.20000000000000001,8.0320000210000464e-05,8.0320000911998318e-05,7.0199785383567165e-13,1.8032000021000048e-10,0,0
8,77,1.5200000000000009,0.20000000000000001,8.8352000210000295e-05,8.835200087230323e-05,6.6230293547641511e-13,1.8835200021000029e-10,0,1
8,78,1.5400000000000009,0.20000000000000001,9.6384000210000451e-05,9.6384000832608238e-05,6.2260778672419692e-13,1.9638400021000046e-10,0,1
8,79,1.5600000000000009,0.20000000000000001,0.0001044160002100002,0.00010441600079291325,5.8291304454779341e-13,2.0441600021000019e-10,0,1
8,80,1.580000000000001,0.20000000000000001,0.0001124480002100004,0.00011244800075321828,5.4321788224304807e-13,2.1244800021000038e-10,0,1
8,81,1.600000000000001,0.20000000000000001,0.0001204800002100005,0.00012048000071352329,5.035227877009385e-13,2.2048000021000048e-10,0,1
8,82,1.620000000000001,0.20000000000000001,0.00012851200021000021,0.00012851200067382829,4.6382808618211646e-13,2.2851200021000021e-10,0,1
8,83,1.640000000000001,0.20000000000000001,0.0001365440002100005,0.00013654400063413332,4.2413281545715387e-13,2.365440002100005e-10,0,1
8,84,1.660000000000001,0.20000000000000001,0.00014457600021000041,0.00014457600059443831,3.8443789709789733e-13,2.4457600021000039e-10,0,1
8,85,1.680000000000001,0.20000000000000001,0.00015260800021000049,0.00015260800055474333,3.4474284321336923e-13,2.5260800021000048e-10,0,1
8,86,1.7000000000000011,0.20000000000000001,0.00016064000021000051,0.00016064000051504832,3.0504781643389545e-13,2.6064000021000052e-10,0,1
8,87,1.7200000000000011,0.20000000000000001,0.0001686720002100002,0.00016867200047535332,2.6535311491507341e-13,2.686720002100002e-10,0,1
8,88,1.7400000000000011,0.20000000000000001,0.0001767040002100005,0.00017670400043565834,2.2565784419011081e-13,2.767040002100005e-10,0,1
8,89,1.7600000000000009,0.20000000000000001,0.00018473600021000049,0.00018473600039596322,1.8596273609547409e-13,2.8473600021000049e-10,0,1
8,90,1.7800000000000009,0.20000000000000001,0.00019276800021000051,0.00019276800035626825,1.4626773642105462e-13,2.9276800021000053e-10,0,1
8,91,1.8000000000000009,0.20000000000000001,0.0002008000002100005,0.00020080000031657324,1.0657273674663514e-13,3.0080000021000051e-10,0,1
8,92,1.820000000000001,0.20000000000000001,0.0002088320002100005,0.00020883200027687826,6.6877764177269983e-14,3.088320002100005e-10,0,1
8,93,1.840000000000001,0.20000000000000001,0.00021686400021000049,0.00021686400023718325,2.7182764502850509e-14,3.1686400021000049e-10,0,1
8,94,1.860000000000001,0.20000000000000001,0.00022489600021000059,0.00022489600019748828,-1.25123164867319e-14,3.2489600021000058e-10,0,1
8,95,1.880000000000001,0.20000000000000001,0.0002329280002100004,0.00023292800015779327,-5.2207126425771189e-14,3.3292800021000042e-10,0,1
8,96,1.900000000000001,0.20000000000000001,0.00024096000021000039,0.00024096000011809829,-9.190209899513635e-14,3.409600002100004e-10,0,1
8,97,1.920000000000001,0.20000000000000001,0.00024899200021000049,0.00024899200007840328,-1.3159720708977307e-13,3.489920002100005e-10,0,1
8,98,1.9400000000000011,0.20000000000000001,0.00025702400021000049,0.00025702400003870825,-1.7129223386924686e-13,3.5702400021000049e-10,0,1
8,99,1.9600000000000011,0.20000000000000001,0.00026505600021000059,0.00026505599999901322,-2.1098736906893789e-13,3.6505600021000058e-10,0,1
8,100,1.9800000000000011,0.20000000000000001,0.00027308800021000053,0.00027308799995931824,-2.5068228742819443e-13,3.7308800021000051e-10,0,1
8,101,2.0000000000000009,0.20000000000000001,0.00028112000021000057,0.00028111999991962326,-2.9037731420766821e-13,3.8112000021000055e-10,0,0
8,102,2.0200000000000009,0.20000000000000001,0.00028915200021000051,0.00028915199987992834,-3.3007217835681613e-13,3.8915200021000054e-10,0,1
8,103,2.0400000000000009,0.20000000000000001,0.00029718400021000029,0.0002971839998402333,-3.6976698829585541e-13,3.9718400021000027e-10,0,1
8,104,2.0600000000000009,0.20000000000000001,0.00030521600021000061,0.00030521599980053832,-4.0946228612587232e-13,4.0521600021000062e-10,0,1
8,105,2.080000000000001,0.20000000000000001,0.00031324800021000049,0.00031324799976084334,-4.4915715027502023e-13,4.1324800021000051e-10,0,1
8,106,2.100000000000001,0.20000000000000001,0.0003212800002100006,0.00032127999972114831,-4.8885228547471127e-13,4.212800002100006e-10,0,1
8,107,2.120000000000001,0.20000000000000001,0.00032931200021000059,0.00032931199968145333,-5.2854725804407643e-13,4.2931200021000059e-10,0,1
8,108,2.140000000000001,0.20000000000000001,0.00033734400021000058,0.00033734399964175835,-5.6824223061344159e-13,4.3734400021000058e-10,0,1
8,109,2.160000000000001,0.20000000000000001,0.00034537600021000058,0.00034537599960206337,-6.0793720318280675e-13,4.4537600021000056e-10,0,1
8,110,2.180000000000001,0.20000000000000001,0.00035340800021000052,0.00035340799956236834,-6.4763217575217191e-13,4.534080002100005e-10,0,1
8,111,2.200000000000002,0.20000000000000001,0.00036144000021000062,0.00036143999952267369,-6.8732693148110258e-13,4.6144000021000064e-10,0,1
8,112,2.220000000000002,0.20000000000000001,0.00036947200021000072,0.00036947199948297871,-7.2702201247068499e-13,4.6947200021000074e-10,0,1
8,113,2.240000000000002,0.20000000000000001,0.0003775040002100005,0.00037750399944328373,-7.6671676819961565e-13,4.7750400021000047e-10,0,1
8,114,2.260000000000002,0.20000000000000001,0.00038553600021000049,0.0003855359994035887,-8.0641179497908944e-13,4.8553600021000051e-10,0,1
8,115,2.280000000000002,0.20000000000000001,0.00039356800021000081,0.00039356799936389372,-8.4610709280910634e-13,4.9356800021000075e-10,0,1
8,116,2.300000000000002,0.20000000000000001,0.00040160000021000048,0.00040159999932419874,-8.8580174011781976e-13,5.0160000021000048e-10,0,1
8,117,2.3200000000000021,0.20000000000000001,0.0004096320002100008,0.0004096319992845037,-9.2549709215794529e-13,5.0963200021000073e-10,0,1
8,118,2.3400000000000021,0.20000000000000001,0.00041766400021000057,0.00041766399924480873,-9.6519184788687595e-13,5.1766400021000056e-10,0,1
8,119,2.3600000000000021,0.20000000000000001,0.00042569600021000062,0.00042569599920511375,-1.0048868746663497e-12,5.256960002100006e-10,0,1
8,120,2.3800000000000021,0.20000000000000001,0.00043372800021000061,0.00043372799916541877,-1.0445818472357149e-12,5.3372800021000054e-10,0,1
8,121,2.4000000000000021,0.20000000000000001,0.00044176000021000083,0.00044175999912572373,-1.0842770908556232e-12,5.4176000021000079e-10,0,1
8,122,2.4200000000000021,0.20000000000000001,0.00044979200021000071,0.00044979199908602876,-1.1239719550047711e-12,5.4979200021000072e-10,0,1
8,123,2.4400000000000022,0.20000000000000001,0.00045782400021000081,0.00045782399904633378,-1.1636670359943535e-12,5.5782400021000076e-10,0,1
8,124,2.4600000000000022,0.20000000000000001,0.00046585600021000059,0.0004658559990066388,-1.2033617917232842e-12,5.6585600021000049e-10,0,1
8,125,2.4800000000000022,0.20000000000000001,0.00047388800021000069,0.00047388799896694376,-1.2430569269229752e-12,5.7388800021000064e-10,0,1
8,126,2.5000000000000022,0.20000000000000001,0.00048192000021000068,0.00048191999892724879,-1.2827518994923404e-12,5.8192000021000068e-10,0,0
8,127,2.5200000000000018,0.20000000000000001,0.00048995200021000073,0.00048995199888755359,-1.3224471431122486e-12,5.8995200021000072e-10,0,1
8,128,2.5400000000000018,0.20000000000000001,0.00049798400021000078,0.00049798399884785861,-1.3621421698917224e-12,5.9798400021000076e-10,0,1
8,129,2.5600000000000018,0.20000000000000001,0.00050601600021000094,0.00050601599880816352,-1.4018374135116307e-12,6.060160002100009e-10,0,1
8,130,2.5800000000000018,0.20000000000000001,0.00051404800021000066,0.00051404799876846854,-1.4415321150304528e-12,6.1404800021000063e-10,0,1
8,131,2.6000000000000019,0.20000000000000001,0.00052208000021000071,0.00052207999872877356,-1.4812271418099265e-12,6.2208000021000067e-10,0,1
8,132,2.6200000000000019,0.20000000000000001,0.00053011200021000075,0.00053011199868907859,-1.5209221685894003e-12,6.3011200021000071e-10,0,1
8,133,2.6400000000000019,0.20000000000000001,0.00053814400021000102,0.00053814399864938361,-1.5606174122093086e-12,6.3814400021000096e-10,0,1
8,134,2.6600000000000019,0.20000000000000001,0.00054617600021000074,0.00054617599860968863,-1.6003121137281306e-12,6.4617600021000069e-10,0,1
8,135,2.6800000000000019,0.20000000000000001,0.00055420800021000079,0.00055420799856999354,-1.6400072489278217e-12,6.5420800021000073e-10,0,1
8,136,2.700000000000002,0.20000000000000001,0.00056224000021000095,0.00056223999853029867,-1.6797022757072955e-12,6.6224000021000087e-10,0,1
8,137,2.720000000000002,0.20000000000000001,0.00057027200021000045,0.00057027199849060358,-1.7193968688059003e-12,6.7027200021000039e-10,0,1
8,138,2.740000000000002,0.20000000000000001,0.00057830400021000093,0.0005783039984509086,-1.759092329266243e-12,6.7830400021000085e-10,0,1
8,139,2.760000000000002,0.20000000000000001,0.00058633600021000076,0.00058633599841121362,-1.7987871392052823e-12,6.8633600021000068e-10,0,1
8,140,2.780000000000002,0.20000000000000001,0.00059436800021000092,0.00059436799837151865,-1.8384822744049734e-12,6.9436800021000082e-10,0,1
8,141,2.800000000000002,0.20000000000000001,0.00060240000021000086,0.00060239999833182356,-1.8781773011844471e-12,7.0240000021000076e-10,0,1
8,142,2.8200000000000021,0.20000000000000001,0.0006104320002100008,0.00061043199829212869,-1.9178721111234864e-12,7.104320002100007e-10,0,1
8,143,2.8400000000000021,0.20000000000000001,0.00061846400021000095,0.00061846399825243371,-1.9575672463231775e-12,7.1846400021000084e-10,0,1
8,144,2.8600000000000021,0.20000000000000001,0.00062649600021000068,0.00062649599821273873,-1.9972619478419995e-12,7.2649600021000057e-10,0,1
8,145,2.8800000000000021,0.20000000000000001,0.00063452800021000105,0.00063452799817304375,-2.036957299882125e-12,7.3452800021000103e-10,0,1
8,146,2.9000000000000021,0.20000000000000001,0.00064256000021000099,0.00064255999813334866,-2.0766523266615988e-12,7.4256000021000096e-10,0,1
8,147,2.9200000000000021,0.20000000000000001,0.00065059200021000093,0.00065059199809365379,-2.1163471366006381e-12,7.505920002100009e-10,0,1
8,148,2.9400000000000022,0.20000000000000001,0.00065862400021000087,0.00065862399805395871,-2.1560421633801119e-12,7.5862400021000084e-10,0,1
8,149,2.9600000000000022,0.20000000000000001,0.00066665600021000102,0.00066665599801426373,-2.1957372985798029e-12,7.6665600021000098e-10,0,1
8,150,2.9800000000000022,0.20000000000000001,0.00067468800021000096,0.00067468799797456875,-2.2354322169390595e-12,7.7468800021000092e-10,0,1
8,151,3.0000000000000022,0.20000000000000001,0.0006827200002100009,0.00068271999793487377,-2.275127135298316e-12,7.8272000021000085e-10,0,0
8,152,3.0200000000000018,0.20000000000000001,0.00069075200021000106,0.00069075199789517857,-2.3148224873384415e-12,7.90752000210001e-10,0,1
8,153,3.0400000000000018,0.20000000000000001,0.00069878400021000089,0.0006987839978554837,-2.3545171888572636e-12,7.9878400021000083e-10,0,1
8,154,3.0600000000000018,0.20000000000000001,0.00070681600021000105,0.00070681599781578861,-2.3942124324771719e-12,8.0681600021000097e-10,0,1
8,155,3.0800000000000018,0.20000000000000001,0.0007148480002100012,0.00071484799777609364,-2.4339075676768629e-12,8.1484800021000112e-10,0,1
8,156,3.1000000000000019,0.20000000000000001,0.00072288000021000103,0.00072287999773639866,-2.4736023776159022e-12,8.2288000021000095e-10,0,1
8,157,3.1200000000000019,0.20000000000000001,0.00073091200021000076,0.00073091199769670368,-2.5132970791347242e-12,8.3091200021000068e-10,0,1
8,158,3.1400000000000019,0.20000000000000001,0.00073894400021000091,0.0007389439976570087,-2.5529922143344153e-12,8.3894400021000082e-10,0,1
8,159,3.1600000000000019,0.20000000000000001,0.00074697600021000118,0.00074697599761731372,-2.5926874579543235e-12,8.4697600021000107e-10,0,1
8,160,3.1800000000000019,0.20000000000000001,0.00075500800021000101,0.00075500799757761863,-2.6323823763135801e-12,8.550080002100009e-10,0,1
8,161,3.200000000000002,0.20000000000000001,0.00076304000021000095,0.00076303999753792365,-2.6720772946728366e-12,8.6304000021000084e-10,0,1
8,162,3.220000000000002,0.20000000000000001,0.0007710720002100011,0.00077107199749822867,-2.7117724298725276e-12,8.7107200021000098e-10,0,1
8,163,3.240000000000002,0.20000000000000001,0.00077910400021000104,0.00077910399745853359,-2.7514674566520014e-12,8.7910400021000102e-10,0,1
8,164,3.260000000000002,0.20000000000000001,0.00078713600021000077,0.00078713599741883872,-2.7911620497506062e-12,8.8713600021000065e-10,0,1
8,165,3.280000000000002,0.20000000000000001,0.00079516800021000092,0.00079516799737914363,-2.8308572933705145e-12,8.951680002100009e-10,0,1
8,166,3.300000000000002,0.20000000000000001,0.00080320000021000108,0.00080319999733944865,-2.8705524285702055e-12,9.0320000021000104e-10,0,1
8,167,3.3200000000000029,0.20000000000000001,0.00081123200021000123,0.000811231997299754,-2.9102472385092448e-12,9.1123200021000118e-10,0,1
8,168,3.340000000000003,0.20000000000000001,0.00081926400021000117,0.00081926399726005913,-2.9499420484482841e-12,9.1926400021000112e-10,0,1
8,169,3.360000000000003,0.20000000000000001,0.00082729600021000122,0.00082729599722036404,-2.9896371836479751e-12,9.2729600021000116e-10,0,1
8,170,3.380000000000003,0.20000000000000001,0.00083532800021000094,0.00083532799718066917,-3.0293317767465799e-12,9.3532800021000099e-10,0,1
8,171,3.400000000000003,0.20000000000000001,0.00084336000021000132,0.00084335999714097397,-3.06902734562714e-12,9.4336000021000124e-10,0,1
8,172,3.420000000000003,0.20000000000000001,0.00085139200021000136,0.00085139199710127921,-3.1087221555661793e-12,9.5139200021000128e-10,0,1
8,173,3.4400000000000031,0.20000000000000001,0.00085942400021000109,0.00085942399706158401,-3.1484170739254358e-12,9.5942400021000111e-10,0,1
8,174,3.4600000000000031,0.20000000000000001,0.00086745600021000124,0.00086745599702188914,-3.1881121007049096e-12,9.6745600021000115e-10,0,1
8,175,3.4800000000000031,0.20000000000000001,0.0008754880002100014,0.00087548799698219406,-3.2278073443248179e-12,9.754880002100014e-10,0,1
8,176,3.5000000000000031,0.20000000000000001,0.00088352000021000112,0.00088351999694249918,-3.2675019374234227e-12,9.8352000021000103e-10,0,0
